-- phpMyAdmin SQL Dump
-- version 5.2.2
-- https://www.phpmyadmin.net/
--
-- Host: db:3306
-- Generation Time: Aug 30, 2025 at 10:17 AM
-- Server version: 10.6.23-MariaDB-ubu2204
-- PHP Version: 8.2.27

SET SQL_MODE = "NO_AUTO_VALUE_ON_ZERO";
START TRANSACTION;
SET time_zone = "+00:00";


/*!40101 SET @OLD_CHARACTER_SET_CLIENT=@@CHARACTER_SET_CLIENT */;
/*!40101 SET @OLD_CHARACTER_SET_RESULTS=@@CHARACTER_SET_RESULTS */;
/*!40101 SET @OLD_COLLATION_CONNECTION=@@COLLATION_CONNECTION */;
/*!40101 SET NAMES utf8mb4 */;

--
-- Database: `church_attendance`
--

-- --------------------------------------------------------

--
-- Table structure for table `attendance_records`
--

CREATE TABLE `attendance_records` (
  `id` int(11) NOT NULL,
  `session_id` int(11) NOT NULL,
  `individual_id` int(11) NOT NULL,
  `present` tinyint(1) NOT NULL DEFAULT 0,
  `updated_at` timestamp NOT NULL DEFAULT current_timestamp() ON UPDATE current_timestamp(),
  `church_id` varchar(36) NOT NULL
) ENGINE=InnoDB DEFAULT CHARSET=utf8mb4 COLLATE=utf8mb4_general_ci;

--
-- Dumping data for table `attendance_records`
--

INSERT INTO `attendance_records` (`id`, `session_id`, `individual_id`, `present`, `updated_at`, `church_id`) VALUES
(1655, 2, 2, 0, '2025-08-13 03:14:20', 'red_9f3a7c2e5b10'),
(1656, 2, 3, 0, '2025-08-13 03:14:20', 'red_9f3a7c2e5b10'),
(1657, 2, 4, 0, '2025-08-13 03:14:20', 'red_9f3a7c2e5b10'),
(1658, 2, 5, 0, '2025-08-13 03:14:20', 'red_9f3a7c2e5b10'),
(1659, 2, 1, 0, '2025-08-13 03:14:20', 'red_9f3a7c2e5b10'),
(1660, 2, 8, 0, '2025-08-13 03:14:20', 'red_9f3a7c2e5b10'),
(1661, 2, 9, 0, '2025-08-13 03:14:20', 'red_9f3a7c2e5b10'),
(1662, 2, 10, 0, '2025-08-13 03:14:20', 'red_9f3a7c2e5b10'),
(1663, 2, 7, 0, '2025-08-13 03:14:20', 'red_9f3a7c2e5b10'),
(1664, 2, 11, 0, '2025-08-13 03:14:20', 'red_9f3a7c2e5b10'),
(1665, 2, 12, 0, '2025-08-13 03:14:20', 'red_9f3a7c2e5b10'),
(1666, 2, 15, 0, '2025-08-13 03:14:20', 'red_9f3a7c2e5b10'),
(1667, 2, 16, 0, '2025-08-13 03:14:20', 'red_9f3a7c2e5b10'),
(1668, 2, 14, 0, '2025-08-13 03:14:20', 'red_9f3a7c2e5b10'),
(1669, 2, 17, 0, '2025-08-13 03:14:20', 'red_9f3a7c2e5b10'),
(1670, 2, 18, 0, '2025-08-13 03:14:20', 'red_9f3a7c2e5b10'),
(1671, 2, 19, 0, '2025-08-13 03:14:20', 'red_9f3a7c2e5b10'),
(1672, 2, 20, 0, '2025-08-13 03:14:20', 'red_9f3a7c2e5b10'),
(1673, 2, 21, 0, '2025-08-13 03:14:20', 'red_9f3a7c2e5b10'),
(1674, 2, 22, 0, '2025-08-13 03:14:20', 'red_9f3a7c2e5b10'),
(1675, 2, 23, 0, '2025-08-13 03:14:20', 'red_9f3a7c2e5b10'),
(1676, 2, 13, 0, '2025-08-13 03:14:20', 'red_9f3a7c2e5b10'),
(1677, 2, 24, 0, '2025-08-13 03:14:20', 'red_9f3a7c2e5b10'),
(1678, 2, 25, 0, '2025-08-13 03:14:20', 'red_9f3a7c2e5b10'),
(1679, 2, 26, 0, '2025-08-13 03:14:20', 'red_9f3a7c2e5b10'),
(1680, 2, 27, 0, '2025-08-13 03:14:20', 'red_9f3a7c2e5b10'),
(1681, 2, 29, 0, '2025-08-13 03:14:20', 'red_9f3a7c2e5b10'),
(1682, 2, 28, 0, '2025-08-13 03:14:20', 'red_9f3a7c2e5b10'),
(1683, 2, 30, 0, '2025-08-13 03:14:20', 'red_9f3a7c2e5b10'),
(1684, 2, 31, 0, '2025-08-13 03:14:20', 'red_9f3a7c2e5b10'),
(1685, 2, 33, 0, '2025-08-13 03:14:20', 'red_9f3a7c2e5b10'),
(1686, 2, 34, 0, '2025-08-13 03:14:20', 'red_9f3a7c2e5b10'),
(1687, 2, 40, 0, '2025-08-13 03:14:20', 'red_9f3a7c2e5b10'),
(1688, 2, 41, 0, '2025-08-13 03:14:20', 'red_9f3a7c2e5b10'),
(1689, 2, 43, 0, '2025-08-13 03:14:20', 'red_9f3a7c2e5b10'),
(1690, 2, 42, 0, '2025-08-13 03:14:20', 'red_9f3a7c2e5b10'),
(1691, 2, 44, 0, '2025-08-13 03:14:20', 'red_9f3a7c2e5b10'),
(1692, 2, 45, 0, '2025-08-13 03:14:20', 'red_9f3a7c2e5b10'),
(1693, 2, 6, 0, '2025-08-13 03:14:20', 'red_9f3a7c2e5b10'),
(1694, 2, 47, 0, '2025-08-13 03:14:20', 'red_9f3a7c2e5b10'),
(1695, 2, 46, 0, '2025-08-13 03:14:20', 'red_9f3a7c2e5b10'),
(1696, 2, 48, 0, '2025-08-13 03:14:20', 'red_9f3a7c2e5b10'),
(1697, 2, 32, 0, '2025-08-13 03:14:20', 'red_9f3a7c2e5b10'),
(1698, 2, 49, 0, '2025-08-13 03:14:20', 'red_9f3a7c2e5b10'),
(1699, 2, 50, 0, '2025-08-13 03:14:20', 'red_9f3a7c2e5b10'),
(1700, 2, 51, 0, '2025-08-13 03:14:20', 'red_9f3a7c2e5b10'),
(1701, 2, 52, 0, '2025-08-13 03:14:20', 'red_9f3a7c2e5b10'),
(1702, 2, 53, 0, '2025-08-13 03:14:20', 'red_9f3a7c2e5b10'),
(1703, 2, 54, 0, '2025-08-13 03:14:20', 'red_9f3a7c2e5b10'),
(1704, 2, 55, 0, '2025-08-13 03:14:20', 'red_9f3a7c2e5b10'),
(1705, 2, 56, 0, '2025-08-13 03:14:20', 'red_9f3a7c2e5b10'),
(1706, 2, 57, 0, '2025-08-13 03:14:20', 'red_9f3a7c2e5b10'),
(1707, 2, 58, 0, '2025-08-13 03:14:20', 'red_9f3a7c2e5b10'),
(1708, 2, 59, 0, '2025-08-13 03:14:20', 'red_9f3a7c2e5b10'),
(1709, 2, 60, 0, '2025-08-13 03:14:20', 'red_9f3a7c2e5b10'),
(1710, 2, 61, 0, '2025-08-13 03:14:20', 'red_9f3a7c2e5b10'),
(1711, 2, 62, 0, '2025-08-13 03:14:20', 'red_9f3a7c2e5b10'),
(1712, 2, 63, 0, '2025-08-13 03:14:20', 'red_9f3a7c2e5b10'),
(1713, 2, 64, 0, '2025-08-13 03:14:20', 'red_9f3a7c2e5b10'),
(1714, 2, 65, 0, '2025-08-13 03:14:20', 'red_9f3a7c2e5b10'),
(1715, 2, 66, 0, '2025-08-13 03:14:20', 'red_9f3a7c2e5b10'),
(1716, 2, 67, 0, '2025-08-13 03:14:20', 'red_9f3a7c2e5b10'),
(1717, 2, 68, 0, '2025-08-13 03:14:20', 'red_9f3a7c2e5b10'),
(1718, 2, 69, 0, '2025-08-13 03:14:20', 'red_9f3a7c2e5b10'),
(1719, 2, 70, 0, '2025-08-13 03:14:20', 'red_9f3a7c2e5b10'),
(1720, 2, 71, 0, '2025-08-13 03:14:20', 'red_9f3a7c2e5b10'),
(1721, 2, 72, 0, '2025-08-13 03:14:20', 'red_9f3a7c2e5b10'),
(1722, 2, 73, 0, '2025-08-13 03:14:20', 'red_9f3a7c2e5b10'),
(1723, 2, 74, 0, '2025-08-13 03:14:20', 'red_9f3a7c2e5b10'),
(1724, 2, 75, 0, '2025-08-13 03:14:20', 'red_9f3a7c2e5b10'),
(1725, 2, 76, 0, '2025-08-13 03:14:20', 'red_9f3a7c2e5b10'),
(1726, 2, 77, 0, '2025-08-13 03:14:20', 'red_9f3a7c2e5b10'),
(1727, 2, 78, 0, '2025-08-13 03:14:20', 'red_9f3a7c2e5b10'),
(1728, 2, 79, 0, '2025-08-13 03:14:20', 'red_9f3a7c2e5b10'),
(1729, 2, 80, 0, '2025-08-13 03:14:20', 'red_9f3a7c2e5b10'),
(1730, 2, 81, 0, '2025-08-13 03:14:20', 'red_9f3a7c2e5b10'),
(1731, 2, 82, 0, '2025-08-13 03:14:20', 'red_9f3a7c2e5b10'),
(1732, 2, 37, 0, '2025-08-13 03:14:20', 'red_9f3a7c2e5b10'),
(1733, 2, 38, 0, '2025-08-13 03:14:20', 'red_9f3a7c2e5b10'),
(1734, 2, 39, 0, '2025-08-13 03:14:20', 'red_9f3a7c2e5b10'),
(1735, 2, 35, 0, '2025-08-13 03:14:20', 'red_9f3a7c2e5b10'),
(1736, 2, 36, 0, '2025-08-13 03:14:20', 'red_9f3a7c2e5b10'),
(1737, 2, 83, 0, '2025-08-13 03:14:20', 'red_9f3a7c2e5b10'),
(1738, 2, 84, 0, '2025-08-13 03:14:20', 'red_9f3a7c2e5b10'),
(1739, 2, 85, 0, '2025-08-13 03:14:20', 'red_9f3a7c2e5b10'),
(1740, 2, 86, 0, '2025-08-13 03:14:20', 'red_9f3a7c2e5b10'),
(1743, 2, 87, 0, '2025-08-13 03:14:20', 'red_9f3a7c2e5b10'),
(1744, 2, 88, 0, '2025-08-13 03:14:20', 'red_9f3a7c2e5b10'),
(1745, 2, 89, 0, '2025-08-13 03:14:20', 'red_9f3a7c2e5b10'),
(1746, 2, 90, 0, '2025-08-13 03:14:20', 'red_9f3a7c2e5b10'),
(1747, 2, 91, 0, '2025-08-13 03:14:20', 'red_9f3a7c2e5b10'),
(1748, 2, 92, 0, '2025-08-13 03:14:20', 'red_9f3a7c2e5b10'),
(1749, 2, 93, 0, '2025-08-13 03:14:20', 'red_9f3a7c2e5b10'),
(1750, 2, 95, 0, '2025-08-13 03:14:20', 'red_9f3a7c2e5b10'),
(1751, 2, 94, 0, '2025-08-13 03:14:20', 'red_9f3a7c2e5b10'),
(1909, 18, 2, 1, '2025-08-13 03:14:20', 'red_9f3a7c2e5b10'),
(1910, 18, 3, 0, '2025-08-13 03:14:20', 'red_9f3a7c2e5b10'),
(1911, 18, 4, 0, '2025-08-13 03:14:20', 'red_9f3a7c2e5b10'),
(1912, 18, 5, 0, '2025-08-13 03:14:20', 'red_9f3a7c2e5b10'),
(1913, 18, 1, 0, '2025-08-13 03:14:20', 'red_9f3a7c2e5b10'),
(1914, 18, 8, 1, '2025-08-13 03:14:20', 'red_9f3a7c2e5b10'),
(1915, 18, 9, 1, '2025-08-13 03:14:20', 'red_9f3a7c2e5b10'),
(1916, 18, 10, 0, '2025-08-13 03:14:20', 'red_9f3a7c2e5b10'),
(1917, 18, 7, 0, '2025-08-13 03:14:20', 'red_9f3a7c2e5b10'),
(1918, 18, 11, 0, '2025-08-13 03:14:20', 'red_9f3a7c2e5b10'),
(1919, 18, 12, 0, '2025-08-13 03:14:20', 'red_9f3a7c2e5b10'),
(1920, 18, 15, 0, '2025-08-13 03:14:20', 'red_9f3a7c2e5b10'),
(1921, 18, 16, 1, '2025-08-13 03:14:20', 'red_9f3a7c2e5b10'),
(1922, 18, 14, 0, '2025-08-13 03:14:20', 'red_9f3a7c2e5b10'),
(1923, 18, 17, 0, '2025-08-13 03:14:20', 'red_9f3a7c2e5b10'),
(1924, 18, 18, 0, '2025-08-13 03:14:20', 'red_9f3a7c2e5b10'),
(1925, 18, 19, 0, '2025-08-13 03:14:20', 'red_9f3a7c2e5b10'),
(1926, 18, 20, 1, '2025-08-13 03:14:20', 'red_9f3a7c2e5b10'),
(1927, 18, 21, 0, '2025-08-13 03:14:20', 'red_9f3a7c2e5b10'),
(1928, 18, 22, 0, '2025-08-13 03:14:20', 'red_9f3a7c2e5b10'),
(1929, 18, 23, 0, '2025-08-13 03:14:20', 'red_9f3a7c2e5b10'),
(1930, 18, 13, 0, '2025-08-13 03:14:20', 'red_9f3a7c2e5b10'),
(1931, 18, 24, 0, '2025-08-13 03:14:20', 'red_9f3a7c2e5b10'),
(1932, 18, 25, 1, '2025-08-13 03:14:20', 'red_9f3a7c2e5b10'),
(1933, 18, 26, 1, '2025-08-13 03:14:20', 'red_9f3a7c2e5b10'),
(1934, 18, 27, 1, '2025-08-13 03:14:20', 'red_9f3a7c2e5b10'),
(1935, 18, 29, 1, '2025-08-13 03:14:20', 'red_9f3a7c2e5b10'),
(1936, 18, 28, 1, '2025-08-13 03:14:20', 'red_9f3a7c2e5b10'),
(1937, 18, 30, 1, '2025-08-13 03:14:20', 'red_9f3a7c2e5b10'),
(1938, 18, 31, 1, '2025-08-13 03:14:20', 'red_9f3a7c2e5b10'),
(1939, 18, 33, 0, '2025-08-13 03:14:20', 'red_9f3a7c2e5b10'),
(1940, 18, 34, 0, '2025-08-13 03:14:20', 'red_9f3a7c2e5b10'),
(1941, 18, 40, 0, '2025-08-13 03:14:20', 'red_9f3a7c2e5b10'),
(1942, 18, 41, 0, '2025-08-13 03:14:20', 'red_9f3a7c2e5b10'),
(1943, 18, 43, 0, '2025-08-13 03:14:20', 'red_9f3a7c2e5b10'),
(1944, 18, 42, 0, '2025-08-13 03:14:20', 'red_9f3a7c2e5b10'),
(1945, 18, 44, 0, '2025-08-13 03:14:20', 'red_9f3a7c2e5b10'),
(1946, 18, 45, 0, '2025-08-13 03:14:20', 'red_9f3a7c2e5b10'),
(1947, 18, 6, 0, '2025-08-13 03:14:20', 'red_9f3a7c2e5b10'),
(1948, 18, 47, 0, '2025-08-13 03:14:20', 'red_9f3a7c2e5b10'),
(1949, 18, 46, 0, '2025-08-13 03:14:20', 'red_9f3a7c2e5b10'),
(1950, 18, 48, 0, '2025-08-13 03:14:20', 'red_9f3a7c2e5b10'),
(1951, 18, 32, 1, '2025-08-13 03:14:20', 'red_9f3a7c2e5b10'),
(1952, 18, 49, 0, '2025-08-13 03:14:20', 'red_9f3a7c2e5b10'),
(1953, 18, 50, 0, '2025-08-13 03:14:20', 'red_9f3a7c2e5b10'),
(1954, 18, 51, 0, '2025-08-13 03:14:20', 'red_9f3a7c2e5b10'),
(1955, 18, 52, 0, '2025-08-13 03:14:20', 'red_9f3a7c2e5b10'),
(1956, 18, 53, 0, '2025-08-13 03:14:20', 'red_9f3a7c2e5b10'),
(1957, 18, 54, 0, '2025-08-13 03:14:20', 'red_9f3a7c2e5b10'),
(1958, 18, 55, 0, '2025-08-13 03:14:20', 'red_9f3a7c2e5b10'),
(1959, 18, 56, 0, '2025-08-13 03:14:20', 'red_9f3a7c2e5b10'),
(1960, 18, 57, 0, '2025-08-13 03:14:20', 'red_9f3a7c2e5b10'),
(1961, 18, 58, 0, '2025-08-13 03:14:20', 'red_9f3a7c2e5b10'),
(1962, 18, 59, 0, '2025-08-13 03:14:20', 'red_9f3a7c2e5b10'),
(1963, 18, 60, 0, '2025-08-13 03:14:20', 'red_9f3a7c2e5b10'),
(1964, 18, 61, 0, '2025-08-13 03:14:20', 'red_9f3a7c2e5b10'),
(1965, 18, 62, 0, '2025-08-13 03:14:20', 'red_9f3a7c2e5b10'),
(1966, 18, 63, 0, '2025-08-13 03:14:20', 'red_9f3a7c2e5b10'),
(1967, 18, 64, 0, '2025-08-13 03:14:20', 'red_9f3a7c2e5b10'),
(1968, 18, 65, 0, '2025-08-13 03:14:20', 'red_9f3a7c2e5b10'),
(1969, 18, 66, 0, '2025-08-13 03:14:20', 'red_9f3a7c2e5b10'),
(1970, 18, 67, 0, '2025-08-13 03:14:20', 'red_9f3a7c2e5b10'),
(1971, 18, 68, 0, '2025-08-13 03:14:20', 'red_9f3a7c2e5b10'),
(1972, 18, 69, 0, '2025-08-13 03:14:20', 'red_9f3a7c2e5b10'),
(1973, 18, 70, 0, '2025-08-13 03:14:20', 'red_9f3a7c2e5b10'),
(1974, 18, 71, 0, '2025-08-13 03:14:20', 'red_9f3a7c2e5b10'),
(1975, 18, 72, 0, '2025-08-13 03:14:20', 'red_9f3a7c2e5b10'),
(1976, 18, 73, 0, '2025-08-13 03:14:20', 'red_9f3a7c2e5b10'),
(1977, 18, 74, 0, '2025-08-13 03:14:20', 'red_9f3a7c2e5b10'),
(1978, 18, 75, 0, '2025-08-13 03:14:20', 'red_9f3a7c2e5b10'),
(1979, 18, 76, 0, '2025-08-13 03:14:20', 'red_9f3a7c2e5b10'),
(1980, 18, 77, 0, '2025-08-13 03:14:20', 'red_9f3a7c2e5b10'),
(1981, 18, 78, 0, '2025-08-13 03:14:20', 'red_9f3a7c2e5b10'),
(1982, 18, 79, 0, '2025-08-13 03:14:20', 'red_9f3a7c2e5b10'),
(1983, 18, 80, 0, '2025-08-13 03:14:20', 'red_9f3a7c2e5b10'),
(1984, 18, 81, 0, '2025-08-13 03:14:20', 'red_9f3a7c2e5b10'),
(1985, 18, 82, 0, '2025-08-13 03:14:20', 'red_9f3a7c2e5b10'),
(1986, 18, 37, 0, '2025-08-13 03:14:20', 'red_9f3a7c2e5b10'),
(1987, 18, 38, 0, '2025-08-13 03:14:20', 'red_9f3a7c2e5b10'),
(1988, 18, 39, 0, '2025-08-13 03:14:20', 'red_9f3a7c2e5b10'),
(1989, 18, 35, 0, '2025-08-13 03:14:20', 'red_9f3a7c2e5b10'),
(1990, 18, 36, 0, '2025-08-13 03:14:20', 'red_9f3a7c2e5b10'),
(1991, 18, 83, 0, '2025-08-13 03:14:20', 'red_9f3a7c2e5b10'),
(1992, 18, 84, 0, '2025-08-13 03:14:20', 'red_9f3a7c2e5b10'),
(1993, 18, 85, 0, '2025-08-13 03:14:20', 'red_9f3a7c2e5b10'),
(1994, 18, 86, 0, '2025-08-13 03:14:20', 'red_9f3a7c2e5b10'),
(1997, 18, 87, 0, '2025-08-13 03:14:20', 'red_9f3a7c2e5b10'),
(1998, 18, 88, 0, '2025-08-13 03:14:20', 'red_9f3a7c2e5b10'),
(1999, 18, 89, 0, '2025-08-13 03:14:20', 'red_9f3a7c2e5b10'),
(2000, 18, 90, 0, '2025-08-13 03:14:20', 'red_9f3a7c2e5b10'),
(2001, 18, 91, 0, '2025-08-13 03:14:20', 'red_9f3a7c2e5b10'),
(2002, 18, 92, 1, '2025-08-13 03:14:20', 'red_9f3a7c2e5b10'),
(2003, 18, 93, 1, '2025-08-13 03:14:20', 'red_9f3a7c2e5b10'),
(2004, 18, 95, 1, '2025-08-13 03:14:20', 'red_9f3a7c2e5b10'),
(2005, 18, 94, 1, '2025-08-13 03:14:20', 'red_9f3a7c2e5b10'),
(5216, 20, 8, 1, '2025-08-13 03:14:20', 'red_9f3a7c2e5b10'),
(5217, 20, 9, 1, '2025-08-13 03:14:20', 'red_9f3a7c2e5b10'),
(5218, 20, 10, 1, '2025-08-13 03:14:20', 'red_9f3a7c2e5b10'),
(5219, 20, 7, 0, '2025-08-13 03:14:20', 'red_9f3a7c2e5b10'),
(5220, 20, 11, 1, '2025-08-13 03:14:20', 'red_9f3a7c2e5b10'),
(5221, 20, 12, 0, '2025-08-13 03:14:20', 'red_9f3a7c2e5b10'),
(5222, 20, 15, 1, '2025-08-13 03:14:20', 'red_9f3a7c2e5b10'),
(5223, 20, 16, 1, '2025-08-13 03:14:20', 'red_9f3a7c2e5b10'),
(5224, 20, 14, 1, '2025-08-13 03:14:20', 'red_9f3a7c2e5b10'),
(5225, 20, 17, 1, '2025-08-13 03:14:20', 'red_9f3a7c2e5b10'),
(5226, 20, 18, 1, '2025-08-13 03:14:20', 'red_9f3a7c2e5b10'),
(5227, 20, 19, 0, '2025-08-13 03:14:20', 'red_9f3a7c2e5b10'),
(5228, 20, 20, 1, '2025-08-13 03:14:20', 'red_9f3a7c2e5b10'),
(5229, 20, 21, 0, '2025-08-13 03:14:20', 'red_9f3a7c2e5b10'),
(5230, 20, 22, 1, '2025-08-13 03:14:20', 'red_9f3a7c2e5b10'),
(5231, 20, 23, 1, '2025-08-13 03:14:20', 'red_9f3a7c2e5b10'),
(5232, 20, 13, 1, '2025-08-13 03:14:20', 'red_9f3a7c2e5b10'),
(5233, 20, 24, 1, '2025-08-13 03:14:20', 'red_9f3a7c2e5b10'),
(5234, 20, 25, 1, '2025-08-13 03:14:20', 'red_9f3a7c2e5b10'),
(5235, 20, 26, 0, '2025-08-13 03:14:20', 'red_9f3a7c2e5b10'),
(5236, 20, 27, 1, '2025-08-13 03:14:20', 'red_9f3a7c2e5b10'),
(5237, 20, 29, 1, '2025-08-13 03:14:20', 'red_9f3a7c2e5b10'),
(5238, 20, 28, 1, '2025-08-13 03:14:20', 'red_9f3a7c2e5b10'),
(5239, 20, 30, 1, '2025-08-13 03:14:20', 'red_9f3a7c2e5b10'),
(5240, 20, 31, 1, '2025-08-13 03:14:20', 'red_9f3a7c2e5b10'),
(5241, 20, 33, 1, '2025-08-13 03:14:20', 'red_9f3a7c2e5b10'),
(5242, 20, 34, 0, '2025-08-13 03:14:20', 'red_9f3a7c2e5b10'),
(5243, 20, 40, 1, '2025-08-13 03:14:20', 'red_9f3a7c2e5b10'),
(5244, 20, 41, 1, '2025-08-13 03:14:20', 'red_9f3a7c2e5b10'),
(5245, 20, 43, 1, '2025-08-13 03:14:20', 'red_9f3a7c2e5b10'),
(5246, 20, 42, 0, '2025-08-13 03:14:20', 'red_9f3a7c2e5b10'),
(5247, 20, 44, 1, '2025-08-13 03:14:20', 'red_9f3a7c2e5b10'),
(5248, 20, 45, 1, '2025-08-13 03:14:20', 'red_9f3a7c2e5b10'),
(5249, 20, 6, 0, '2025-08-13 03:14:20', 'red_9f3a7c2e5b10'),
(5250, 20, 47, 0, '2025-08-13 03:14:20', 'red_9f3a7c2e5b10'),
(5251, 20, 46, 0, '2025-08-13 03:14:20', 'red_9f3a7c2e5b10'),
(5252, 20, 48, 0, '2025-08-13 03:14:20', 'red_9f3a7c2e5b10'),
(5253, 20, 32, 1, '2025-08-13 03:14:20', 'red_9f3a7c2e5b10'),
(5254, 20, 49, 1, '2025-08-13 03:14:20', 'red_9f3a7c2e5b10'),
(5255, 20, 50, 1, '2025-08-13 03:14:20', 'red_9f3a7c2e5b10'),
(5256, 20, 51, 1, '2025-08-13 03:14:20', 'red_9f3a7c2e5b10'),
(5257, 20, 52, 1, '2025-08-13 03:14:20', 'red_9f3a7c2e5b10'),
(5258, 20, 53, 1, '2025-08-13 03:14:20', 'red_9f3a7c2e5b10'),
(5259, 20, 54, 1, '2025-08-13 03:14:20', 'red_9f3a7c2e5b10'),
(5260, 20, 55, 1, '2025-08-13 03:14:20', 'red_9f3a7c2e5b10'),
(5261, 20, 56, 1, '2025-08-13 03:14:20', 'red_9f3a7c2e5b10'),
(5262, 20, 57, 1, '2025-08-13 03:14:20', 'red_9f3a7c2e5b10'),
(5263, 20, 58, 1, '2025-08-13 03:14:20', 'red_9f3a7c2e5b10'),
(5264, 20, 59, 1, '2025-08-13 03:14:20', 'red_9f3a7c2e5b10'),
(5265, 20, 60, 0, '2025-08-13 03:14:20', 'red_9f3a7c2e5b10'),
(5266, 20, 61, 1, '2025-08-13 03:14:20', 'red_9f3a7c2e5b10'),
(5267, 20, 62, 1, '2025-08-13 03:14:20', 'red_9f3a7c2e5b10'),
(5268, 20, 63, 1, '2025-08-13 03:14:20', 'red_9f3a7c2e5b10'),
(5269, 20, 64, 1, '2025-08-13 03:14:20', 'red_9f3a7c2e5b10'),
(5270, 20, 65, 1, '2025-08-13 03:14:20', 'red_9f3a7c2e5b10'),
(5271, 20, 66, 1, '2025-08-13 03:14:20', 'red_9f3a7c2e5b10'),
(5272, 20, 67, 0, '2025-08-13 03:14:20', 'red_9f3a7c2e5b10'),
(5273, 20, 68, 0, '2025-08-13 03:14:20', 'red_9f3a7c2e5b10'),
(5274, 20, 69, 0, '2025-08-13 03:14:20', 'red_9f3a7c2e5b10'),
(5275, 20, 70, 0, '2025-08-13 03:14:20', 'red_9f3a7c2e5b10'),
(5276, 20, 71, 0, '2025-08-13 03:14:20', 'red_9f3a7c2e5b10'),
(5277, 20, 72, 0, '2025-08-13 03:14:20', 'red_9f3a7c2e5b10'),
(5278, 20, 73, 0, '2025-08-13 03:14:20', 'red_9f3a7c2e5b10'),
(5279, 20, 74, 1, '2025-08-13 03:14:20', 'red_9f3a7c2e5b10'),
(5280, 20, 75, 1, '2025-08-13 03:14:20', 'red_9f3a7c2e5b10'),
(5281, 20, 76, 1, '2025-08-13 03:14:20', 'red_9f3a7c2e5b10'),
(5282, 20, 77, 1, '2025-08-13 03:14:20', 'red_9f3a7c2e5b10'),
(5283, 20, 78, 1, '2025-08-13 03:14:20', 'red_9f3a7c2e5b10'),
(5284, 20, 79, 0, '2025-08-13 03:14:20', 'red_9f3a7c2e5b10'),
(5285, 20, 80, 0, '2025-08-13 03:14:20', 'red_9f3a7c2e5b10'),
(5286, 20, 81, 0, '2025-08-13 03:14:20', 'red_9f3a7c2e5b10'),
(5287, 20, 82, 0, '2025-08-13 03:14:20', 'red_9f3a7c2e5b10'),
(5288, 20, 37, 1, '2025-08-13 03:14:20', 'red_9f3a7c2e5b10'),
(5289, 20, 38, 1, '2025-08-13 03:14:20', 'red_9f3a7c2e5b10'),
(5290, 20, 39, 1, '2025-08-13 03:14:20', 'red_9f3a7c2e5b10'),
(5291, 20, 35, 1, '2025-08-13 03:14:20', 'red_9f3a7c2e5b10'),
(5292, 20, 36, 1, '2025-08-13 03:14:20', 'red_9f3a7c2e5b10'),
(5293, 20, 83, 0, '2025-08-13 03:14:20', 'red_9f3a7c2e5b10'),
(5294, 20, 84, 0, '2025-08-13 03:14:20', 'red_9f3a7c2e5b10'),
(5295, 20, 85, 0, '2025-08-13 03:14:20', 'red_9f3a7c2e5b10'),
(5296, 20, 86, 0, '2025-08-13 03:14:20', 'red_9f3a7c2e5b10'),
(5299, 20, 87, 0, '2025-08-13 03:14:20', 'red_9f3a7c2e5b10'),
(5300, 20, 88, 0, '2025-08-13 03:14:20', 'red_9f3a7c2e5b10'),
(5301, 20, 89, 0, '2025-08-13 03:14:20', 'red_9f3a7c2e5b10'),
(5302, 20, 90, 0, '2025-08-13 03:14:20', 'red_9f3a7c2e5b10'),
(5303, 20, 91, 0, '2025-08-13 03:14:20', 'red_9f3a7c2e5b10'),
(5304, 20, 92, 0, '2025-08-13 03:14:20', 'red_9f3a7c2e5b10'),
(5305, 20, 93, 0, '2025-08-13 03:14:20', 'red_9f3a7c2e5b10'),
(5306, 20, 95, 0, '2025-08-13 03:14:20', 'red_9f3a7c2e5b10'),
(5307, 20, 94, 0, '2025-08-13 03:14:20', 'red_9f3a7c2e5b10'),
(9412, 20, 99, 1, '2025-08-13 03:14:20', 'red_9f3a7c2e5b10'),
(9413, 20, 100, 1, '2025-08-13 03:14:20', 'red_9f3a7c2e5b10'),
(9414, 20, 101, 1, '2025-08-13 03:14:20', 'red_9f3a7c2e5b10'),
(9415, 20, 102, 1, '2025-08-13 03:14:20', 'red_9f3a7c2e5b10'),
(9416, 20, 103, 1, '2025-08-13 03:14:20', 'red_9f3a7c2e5b10'),
(9829, 20, 104, 1, '2025-08-13 03:14:20', 'red_9f3a7c2e5b10'),
(9831, 20, 106, 1, '2025-08-13 03:14:20', 'red_9f3a7c2e5b10'),
(9832, 20, 107, 1, '2025-08-13 03:14:20', 'red_9f3a7c2e5b10'),
(9833, 20, 108, 1, '2025-08-13 03:14:20', 'red_9f3a7c2e5b10'),
(9834, 101, 12, 0, '2025-08-13 03:14:20', 'red_9f3a7c2e5b10'),
(9835, 101, 30, 1, '2025-08-13 03:14:20', 'red_9f3a7c2e5b10'),
(9836, 101, 59, 1, '2025-08-13 03:14:20', 'red_9f3a7c2e5b10'),
(9837, 101, 61, 1, '2025-08-13 03:14:20', 'red_9f3a7c2e5b10'),
(9838, 101, 65, 0, '2025-08-13 03:14:20', 'red_9f3a7c2e5b10'),
(9839, 101, 11, 1, '2025-08-13 03:14:20', 'red_9f3a7c2e5b10'),
(9841, 101, 109, 1, '2025-08-13 03:14:20', 'red_9f3a7c2e5b10'),
(9842, 101, 63, 1, '2025-08-13 03:14:20', 'red_9f3a7c2e5b10'),
(9846, 117, 2, 0, '2025-08-13 03:14:20', 'red_9f3a7c2e5b10'),
(9847, 117, 3, 0, '2025-08-13 03:14:20', 'red_9f3a7c2e5b10'),
(9848, 117, 4, 0, '2025-08-13 03:14:20', 'red_9f3a7c2e5b10'),
(9849, 117, 5, 0, '2025-08-13 03:14:20', 'red_9f3a7c2e5b10'),
(9850, 117, 1, 0, '2025-08-13 03:14:20', 'red_9f3a7c2e5b10'),
(9872, 20, 2, 0, '2025-08-13 03:14:20', 'red_9f3a7c2e5b10'),
(9873, 20, 3, 0, '2025-08-13 03:14:20', 'red_9f3a7c2e5b10'),
(9874, 20, 4, 0, '2025-08-13 03:14:20', 'red_9f3a7c2e5b10'),
(9875, 20, 5, 0, '2025-08-13 03:14:20', 'red_9f3a7c2e5b10'),
(9876, 20, 1, 0, '2025-08-13 03:14:20', 'red_9f3a7c2e5b10'),
(9896, 139, 4, 0, '2025-08-13 03:14:20', 'red_9f3a7c2e5b10'),
(9897, 139, 5, 0, '2025-08-13 03:14:20', 'red_9f3a7c2e5b10'),
(9898, 139, 1, 0, '2025-08-13 03:14:20', 'red_9f3a7c2e5b10'),
(9902, 139, 2, 0, '2025-08-13 03:14:20', 'red_9f3a7c2e5b10'),
(9903, 139, 3, 0, '2025-08-13 03:14:20', 'red_9f3a7c2e5b10'),
(9905, 139, 8, 1, '2025-08-13 03:14:20', 'red_9f3a7c2e5b10'),
(9906, 139, 9, 1, '2025-08-13 03:14:20', 'red_9f3a7c2e5b10'),
(9907, 139, 10, 1, '2025-08-13 03:14:20', 'red_9f3a7c2e5b10'),
(9908, 139, 7, 1, '2025-08-13 03:14:20', 'red_9f3a7c2e5b10'),
(9909, 139, 11, 1, '2025-08-13 03:14:20', 'red_9f3a7c2e5b10'),
(9911, 139, 12, 0, '2025-08-13 03:14:20', 'red_9f3a7c2e5b10'),
(9912, 139, 29, 1, '2025-08-13 03:14:20', 'red_9f3a7c2e5b10'),
(9913, 139, 28, 1, '2025-08-13 03:14:20', 'red_9f3a7c2e5b10'),
(9915, 139, 32, 1, '2025-08-13 03:14:20', 'red_9f3a7c2e5b10'),
(9918, 139, 34, 0, '2025-08-13 03:14:20', 'red_9f3a7c2e5b10'),
(9920, 139, 25, 1, '2025-08-13 03:14:20', 'red_9f3a7c2e5b10'),
(9921, 139, 26, 1, '2025-08-13 03:14:20', 'red_9f3a7c2e5b10'),
(9922, 139, 57, 1, '2025-08-13 03:14:20', 'red_9f3a7c2e5b10'),
(9923, 139, 58, 1, '2025-08-13 03:14:20', 'red_9f3a7c2e5b10'),
(9924, 139, 59, 1, '2025-08-13 03:14:20', 'red_9f3a7c2e5b10'),
(9926, 139, 61, 1, '2025-08-13 03:14:20', 'red_9f3a7c2e5b10'),
(9927, 139, 62, 1, '2025-08-13 03:14:20', 'red_9f3a7c2e5b10'),
(9928, 139, 63, 1, '2025-08-13 03:14:20', 'red_9f3a7c2e5b10'),
(9929, 139, 64, 1, '2025-08-13 03:14:20', 'red_9f3a7c2e5b10'),
(9930, 139, 65, 1, '2025-08-13 03:14:20', 'red_9f3a7c2e5b10'),
(9931, 139, 60, 0, '2025-08-13 03:14:20', 'red_9f3a7c2e5b10'),
(9932, 139, 66, 1, '2025-08-13 03:14:20', 'red_9f3a7c2e5b10'),
(9933, 139, 74, 1, '2025-08-13 03:14:20', 'red_9f3a7c2e5b10'),
(9934, 139, 75, 1, '2025-08-13 03:14:20', 'red_9f3a7c2e5b10'),
(9935, 139, 76, 1, '2025-08-13 03:14:20', 'red_9f3a7c2e5b10'),
(9936, 139, 77, 1, '2025-08-13 03:14:20', 'red_9f3a7c2e5b10'),
(9937, 139, 78, 1, '2025-08-13 03:14:20', 'red_9f3a7c2e5b10'),
(9999, 139, 15, 1, '2025-08-13 03:14:20', 'red_9f3a7c2e5b10'),
(10000, 139, 16, 1, '2025-08-13 03:14:20', 'red_9f3a7c2e5b10'),
(10001, 139, 14, 1, '2025-08-13 03:14:20', 'red_9f3a7c2e5b10'),
(10002, 139, 17, 1, '2025-08-13 03:14:20', 'red_9f3a7c2e5b10'),
(10003, 139, 18, 1, '2025-08-13 03:14:20', 'red_9f3a7c2e5b10'),
(10005, 139, 20, 1, '2025-08-13 03:14:20', 'red_9f3a7c2e5b10'),
(10006, 139, 21, 1, '2025-08-13 03:14:20', 'red_9f3a7c2e5b10'),
(10007, 139, 22, 1, '2025-08-13 03:14:20', 'red_9f3a7c2e5b10'),
(10008, 139, 23, 1, '2025-08-13 03:14:20', 'red_9f3a7c2e5b10'),
(10009, 139, 13, 1, '2025-08-13 03:14:20', 'red_9f3a7c2e5b10'),
(10010, 139, 24, 1, '2025-08-13 03:14:20', 'red_9f3a7c2e5b10'),
(10011, 139, 19, 0, '2025-08-13 03:14:20', 'red_9f3a7c2e5b10'),
(10012, 139, 31, 1, '2025-08-13 03:14:20', 'red_9f3a7c2e5b10'),
(10013, 139, 33, 1, '2025-08-13 03:14:20', 'red_9f3a7c2e5b10'),
(10014, 139, 47, 1, '2025-08-13 03:14:20', 'red_9f3a7c2e5b10'),
(10015, 139, 46, 1, '2025-08-13 03:14:20', 'red_9f3a7c2e5b10'),
(10016, 139, 48, 1, '2025-08-13 03:14:20', 'red_9f3a7c2e5b10'),
(10019, 139, 103, 1, '2025-08-13 03:14:20', 'red_9f3a7c2e5b10'),
(10020, 139, 102, 1, '2025-08-13 03:14:20', 'red_9f3a7c2e5b10'),
(10021, 139, 51, 1, '2025-08-13 03:14:20', 'red_9f3a7c2e5b10'),
(10022, 139, 54, 1, '2025-08-13 03:14:20', 'red_9f3a7c2e5b10'),
(10023, 139, 55, 1, '2025-08-13 03:14:20', 'red_9f3a7c2e5b10'),
(10024, 139, 52, 1, '2025-08-13 03:14:20', 'red_9f3a7c2e5b10'),
(10025, 139, 53, 1, '2025-08-13 03:14:20', 'red_9f3a7c2e5b10'),
(10026, 139, 56, 1, '2025-08-13 03:14:20', 'red_9f3a7c2e5b10'),
(10027, 139, 37, 1, '2025-08-13 03:14:20', 'red_9f3a7c2e5b10'),
(10028, 139, 38, 1, '2025-08-13 03:14:20', 'red_9f3a7c2e5b10'),
(10029, 139, 39, 1, '2025-08-13 03:14:20', 'red_9f3a7c2e5b10'),
(10030, 139, 35, 1, '2025-08-13 03:14:20', 'red_9f3a7c2e5b10'),
(10031, 139, 36, 1, '2025-08-13 03:14:20', 'red_9f3a7c2e5b10'),
(10032, 139, 30, 1, '2025-08-13 03:14:20', 'red_9f3a7c2e5b10'),
(10033, 203, 11, 1, '2025-08-13 03:14:20', 'red_9f3a7c2e5b10'),
(10034, 203, 19, 1, '2025-08-13 03:14:20', 'red_9f3a7c2e5b10'),
(10035, 203, 23, 1, '2025-08-13 03:14:20', 'red_9f3a7c2e5b10'),
(10036, 203, 30, 1, '2025-08-13 03:14:20', 'red_9f3a7c2e5b10'),
(10043, 203, 59, 1, '2025-08-13 03:14:20', 'red_9f3a7c2e5b10'),
(10044, 203, 61, 1, '2025-08-13 03:14:20', 'red_9f3a7c2e5b10'),
(10045, 203, 63, 1, '2025-08-13 03:14:20', 'red_9f3a7c2e5b10'),
(10046, 203, 65, 1, '2025-08-13 03:14:20', 'red_9f3a7c2e5b10'),
(10047, 203, 109, 1, '2025-08-13 03:14:20', 'red_9f3a7c2e5b10'),
(10048, 212, 13, 1, '2025-08-13 03:14:20', 'red_9f3a7c2e5b10'),
(10049, 212, 53, 1, '2025-08-13 03:14:20', 'red_9f3a7c2e5b10'),
(10050, 212, 102, 1, '2025-08-13 03:14:20', 'red_9f3a7c2e5b10'),
(10051, 212, 66, 1, '2025-08-13 03:14:20', 'red_9f3a7c2e5b10'),
(10052, 20, 115, 1, '2025-08-13 03:14:20', 'red_9f3a7c2e5b10'),
(10054, 20, 119, 1, '2025-08-13 03:14:20', 'red_9f3a7c2e5b10'),
(10055, 139, 122, 1, '2025-08-13 03:14:20', 'red_9f3a7c2e5b10'),
(10056, 139, 123, 1, '2025-08-13 03:14:20', 'red_9f3a7c2e5b10'),
(10057, 165, 126, 1, '2025-08-13 03:14:20', 'red_9f3a7c2e5b10'),
(10058, 139, 126, 1, '2025-08-13 03:14:20', 'red_9f3a7c2e5b10'),
(10189, 216, 2, 0, '2025-08-13 03:14:20', 'red_9f3a7c2e5b10'),
(10190, 216, 3, 0, '2025-08-13 03:14:20', 'red_9f3a7c2e5b10'),
(10191, 216, 4, 0, '2025-08-13 03:14:20', 'red_9f3a7c2e5b10'),
(10192, 216, 5, 0, '2025-08-13 03:14:20', 'red_9f3a7c2e5b10'),
(10193, 216, 1, 0, '2025-08-13 03:14:20', 'red_9f3a7c2e5b10'),
(10268, 216, 15, 0, '2025-08-13 03:14:20', 'red_9f3a7c2e5b10'),
(10269, 216, 16, 0, '2025-08-13 03:14:20', 'red_9f3a7c2e5b10'),
(10270, 216, 14, 0, '2025-08-13 03:14:20', 'red_9f3a7c2e5b10'),
(10271, 216, 17, 0, '2025-08-13 03:14:20', 'red_9f3a7c2e5b10'),
(10272, 216, 18, 0, '2025-08-13 03:14:20', 'red_9f3a7c2e5b10'),
(10273, 216, 19, 0, '2025-08-13 03:14:20', 'red_9f3a7c2e5b10'),
(10274, 216, 20, 0, '2025-08-13 03:14:20', 'red_9f3a7c2e5b10'),
(10275, 216, 21, 0, '2025-08-13 03:14:20', 'red_9f3a7c2e5b10'),
(10276, 216, 22, 0, '2025-08-13 03:14:20', 'red_9f3a7c2e5b10'),
(10277, 216, 23, 0, '2025-08-13 03:14:20', 'red_9f3a7c2e5b10'),
(10278, 216, 13, 0, '2025-08-13 03:14:20', 'red_9f3a7c2e5b10'),
(10279, 216, 24, 0, '2025-08-13 03:14:20', 'red_9f3a7c2e5b10'),
(10286, 216, 8, 1, '2025-08-13 03:14:20', 'red_9f3a7c2e5b10'),
(10287, 216, 9, 1, '2025-08-13 03:14:20', 'red_9f3a7c2e5b10'),
(10288, 216, 10, 1, '2025-08-13 03:14:20', 'red_9f3a7c2e5b10'),
(10289, 216, 7, 1, '2025-08-13 03:14:20', 'red_9f3a7c2e5b10'),
(10290, 216, 11, 1, '2025-08-13 03:14:20', 'red_9f3a7c2e5b10'),
(10292, 216, 12, 0, '2025-08-13 03:14:20', 'red_9f3a7c2e5b10'),
(10293, 216, 25, 1, '2025-08-13 03:14:20', 'red_9f3a7c2e5b10'),
(10294, 216, 26, 1, '2025-08-13 03:14:20', 'red_9f3a7c2e5b10'),
(10295, 216, 27, 1, '2025-08-13 03:14:20', 'red_9f3a7c2e5b10'),
(10296, 216, 29, 1, '2025-08-13 03:14:20', 'red_9f3a7c2e5b10'),
(10298, 216, 30, 1, '2025-08-13 03:14:20', 'red_9f3a7c2e5b10'),
(10301, 216, 31, 0, '2025-08-13 03:14:20', 'red_9f3a7c2e5b10'),
(10302, 216, 32, 0, '2025-08-13 03:14:20', 'red_9f3a7c2e5b10'),
(10303, 216, 28, 0, '2025-08-13 03:14:20', 'red_9f3a7c2e5b10'),
(10305, 216, 41, 1, '2025-08-13 03:14:20', 'red_9f3a7c2e5b10'),
(10306, 216, 43, 1, '2025-08-13 03:14:20', 'red_9f3a7c2e5b10'),
(10309, 216, 45, 1, '2025-08-13 03:14:20', 'red_9f3a7c2e5b10'),
(10310, 216, 42, 0, '2025-08-13 03:14:20', 'red_9f3a7c2e5b10'),
(10311, 216, 44, 0, '2025-08-13 03:14:20', 'red_9f3a7c2e5b10'),
(10312, 216, 47, 1, '2025-08-13 03:14:20', 'red_9f3a7c2e5b10'),
(10313, 216, 48, 1, '2025-08-13 03:14:20', 'red_9f3a7c2e5b10'),
(10314, 216, 50, 1, '2025-08-13 03:14:20', 'red_9f3a7c2e5b10'),
(10315, 216, 49, 1, '2025-08-13 03:14:20', 'red_9f3a7c2e5b10'),
(10316, 216, 103, 1, '2025-08-13 03:14:20', 'red_9f3a7c2e5b10'),
(10317, 216, 102, 1, '2025-08-13 03:14:20', 'red_9f3a7c2e5b10'),
(10318, 216, 51, 1, '2025-08-13 03:14:20', 'red_9f3a7c2e5b10'),
(10319, 216, 54, 1, '2025-08-13 03:14:20', 'red_9f3a7c2e5b10'),
(10320, 216, 55, 1, '2025-08-13 03:14:20', 'red_9f3a7c2e5b10'),
(10321, 216, 52, 1, '2025-08-13 03:14:20', 'red_9f3a7c2e5b10'),
(10324, 216, 53, 1, '2025-08-13 03:14:20', 'red_9f3a7c2e5b10'),
(10325, 216, 56, 1, '2025-08-13 03:14:20', 'red_9f3a7c2e5b10'),
(10326, 216, 57, 1, '2025-08-13 03:14:20', 'red_9f3a7c2e5b10'),
(10327, 216, 64, 1, '2025-08-13 03:14:20', 'red_9f3a7c2e5b10'),
(10328, 216, 62, 1, '2025-08-13 03:14:20', 'red_9f3a7c2e5b10'),
(10329, 216, 60, 1, '2025-08-13 03:14:20', 'red_9f3a7c2e5b10'),
(10330, 216, 61, 1, '2025-08-13 03:14:20', 'red_9f3a7c2e5b10'),
(10331, 216, 37, 1, '2025-08-13 03:14:20', 'red_9f3a7c2e5b10'),
(10332, 216, 38, 1, '2025-08-13 03:14:20', 'red_9f3a7c2e5b10'),
(10333, 216, 39, 1, '2025-08-13 03:14:20', 'red_9f3a7c2e5b10'),
(10334, 216, 35, 1, '2025-08-13 03:14:20', 'red_9f3a7c2e5b10'),
(10335, 216, 36, 1, '2025-08-13 03:14:20', 'red_9f3a7c2e5b10'),
(10338, 216, 106, 1, '2025-08-13 03:14:20', 'red_9f3a7c2e5b10'),
(10339, 216, 107, 1, '2025-08-13 03:14:20', 'red_9f3a7c2e5b10'),
(10340, 216, 128, 1, '2025-08-13 03:14:20', 'red_9f3a7c2e5b10'),
(10341, 216, 129, 1, '2025-08-13 03:14:20', 'red_9f3a7c2e5b10'),
(10342, 216, 130, 1, '2025-08-13 03:14:20', 'red_9f3a7c2e5b10'),
(10343, 216, 131, 1, '2025-08-13 03:14:20', 'red_9f3a7c2e5b10'),
(10345, 306, 53, 1, '2025-08-13 03:14:20', 'red_9f3a7c2e5b10'),
(10346, 306, 102, 1, '2025-08-13 03:14:20', 'red_9f3a7c2e5b10'),
(10347, 306, 66, 1, '2025-08-13 03:14:20', 'red_9f3a7c2e5b10'),
(10348, 306, 132, 1, '2025-08-13 03:14:20', 'red_9f3a7c2e5b10'),
(10350, 306, 13, 1, '2025-08-13 03:14:20', 'red_9f3a7c2e5b10'),
(10357, 216, 91, 0, '2025-08-13 04:49:39', 'red_9f3a7c2e5b10'),
(10365, 216, 146, 0, '2025-08-13 05:06:13', 'red_9f3a7c2e5b10'),
(10368, 216, 145, 0, '2025-08-13 05:20:55', 'red_9f3a7c2e5b10'),
(10443, 337, 9, 0, '2025-08-16 02:12:24', 'red_9f3a7c2e5b10'),
(10445, 337, 7, 0, '2025-08-16 02:12:24', 'red_9f3a7c2e5b10'),
(10446, 337, 11, 0, '2025-08-16 02:12:24', 'red_9f3a7c2e5b10'),
(10467, 337, 3, 0, '2025-08-16 07:34:21', 'red_9f3a7c2e5b10'),
(10468, 337, 4, 0, '2025-08-16 07:34:21', 'red_9f3a7c2e5b10'),
(10470, 337, 1, 0, '2025-08-16 07:34:21', 'red_9f3a7c2e5b10'),
(10472, 337, 2, 1, '2025-08-16 23:35:29', 'red_9f3a7c2e5b10'),
(10473, 337, 5, 1, '2025-08-16 23:35:32', 'red_9f3a7c2e5b10'),
(10474, 337, 8, 1, '2025-08-16 23:44:01', 'red_9f3a7c2e5b10'),
(10475, 337, 10, 1, '2025-08-16 23:44:03', 'red_9f3a7c2e5b10'),
(10476, 337, 12, 1, '2025-08-16 23:44:04', 'red_9f3a7c2e5b10'),
(10477, 337, 15, 1, '2025-08-16 23:44:13', 'red_9f3a7c2e5b10'),
(10478, 337, 16, 1, '2025-08-16 23:44:13', 'red_9f3a7c2e5b10'),
(10479, 337, 14, 1, '2025-08-16 23:44:13', 'red_9f3a7c2e5b10'),
(10480, 337, 17, 1, '2025-08-16 23:44:13', 'red_9f3a7c2e5b10'),
(10481, 337, 18, 1, '2025-08-16 23:44:13', 'red_9f3a7c2e5b10'),
(10483, 337, 20, 1, '2025-08-16 23:44:13', 'red_9f3a7c2e5b10'),
(10484, 337, 21, 1, '2025-08-16 23:44:13', 'red_9f3a7c2e5b10'),
(10485, 337, 22, 1, '2025-08-16 23:44:13', 'red_9f3a7c2e5b10'),
(10486, 337, 23, 1, '2025-08-16 23:44:13', 'red_9f3a7c2e5b10'),
(10487, 337, 13, 1, '2025-08-16 23:44:13', 'red_9f3a7c2e5b10'),
(10488, 337, 24, 1, '2025-08-16 23:44:13', 'red_9f3a7c2e5b10'),
(10489, 337, 19, 0, '2025-08-16 23:44:14', 'red_9f3a7c2e5b10'),
(10491, 337, 25, 1, '2025-08-17 00:21:18', 'red_9f3a7c2e5b10'),
(10492, 337, 26, 1, '2025-08-17 00:21:18', 'red_9f3a7c2e5b10'),
(10493, 337, 33, 1, '2025-08-17 00:23:00', 'red_9f3a7c2e5b10'),
(10494, 337, 41, 1, '2025-08-17 00:23:05', 'red_9f3a7c2e5b10'),
(10495, 337, 49, 1, '2025-08-17 00:23:09', 'red_9f3a7c2e5b10'),
(10496, 337, 50, 1, '2025-08-17 00:23:12', 'red_9f3a7c2e5b10'),
(10497, 337, 103, 1, '2025-08-17 00:23:13', 'red_9f3a7c2e5b10'),
(10498, 337, 102, 1, '2025-08-17 00:23:13', 'red_9f3a7c2e5b10'),
(10499, 337, 51, 1, '2025-08-17 00:23:15', 'red_9f3a7c2e5b10'),
(10500, 337, 54, 1, '2025-08-17 00:23:15', 'red_9f3a7c2e5b10'),
(10501, 337, 55, 1, '2025-08-17 00:23:15', 'red_9f3a7c2e5b10'),
(10502, 337, 53, 1, '2025-08-17 00:23:17', 'red_9f3a7c2e5b10'),
(10503, 337, 52, 1, '2025-08-17 00:23:17', 'red_9f3a7c2e5b10'),
(10504, 337, 66, 1, '2025-08-17 00:23:19', 'red_9f3a7c2e5b10'),
(10505, 337, 74, 1, '2025-08-17 00:23:21', 'red_9f3a7c2e5b10'),
(10506, 337, 75, 1, '2025-08-17 00:23:21', 'red_9f3a7c2e5b10'),
(10507, 337, 76, 1, '2025-08-17 00:23:21', 'red_9f3a7c2e5b10'),
(10508, 337, 77, 1, '2025-08-17 00:23:21', 'red_9f3a7c2e5b10'),
(10509, 337, 78, 1, '2025-08-17 00:23:21', 'red_9f3a7c2e5b10'),
(10510, 337, 83, 1, '2025-08-17 00:23:26', 'red_9f3a7c2e5b10'),
(10511, 337, 84, 1, '2025-08-17 00:23:26', 'red_9f3a7c2e5b10'),
(10512, 337, 85, 1, '2025-08-17 00:23:26', 'red_9f3a7c2e5b10'),
(10513, 337, 86, 1, '2025-08-17 00:23:26', 'red_9f3a7c2e5b10'),
(10515, 337, 148, 1, '2025-08-17 00:24:35', 'red_9f3a7c2e5b10'),
(10516, 337, 149, 1, '2025-08-17 00:28:16', 'red_9f3a7c2e5b10'),
(10517, 337, 150, 1, '2025-08-17 00:28:16', 'red_9f3a7c2e5b10'),
(10518, 385, 21, 0, '2025-08-17 10:31:02', 'red_9f3a7c2e5b10'),
(10519, 385, 23, 0, '2025-08-17 10:31:03', 'red_9f3a7c2e5b10'),
(10520, 385, 61, 1, '2025-08-17 10:31:09', 'red_9f3a7c2e5b10'),
(10521, 385, 63, 1, '2025-08-17 10:31:10', 'red_9f3a7c2e5b10'),
(10522, 385, 59, 1, '2025-08-17 10:31:10', 'red_9f3a7c2e5b10'),
(10523, 385, 109, 1, '2025-08-17 10:31:13', 'red_9f3a7c2e5b10'),
(10524, 337, 30, 1, '2025-08-17 10:32:43', 'red_9f3a7c2e5b10'),
(10525, 385, 12, 1, '2025-08-18 04:08:45', 'red_9f3a7c2e5b10'),
(10526, 385, 30, 1, '2025-08-18 04:08:49', 'red_9f3a7c2e5b10'),
(10527, 337, 147, 1, '2025-08-18 04:10:42', 'red_9f3a7c2e5b10'),
(10529, 337, 151, 1, '2025-08-20 20:40:26', 'red_9f3a7c2e5b10'),
(10530, 337, 152, 1, '2025-08-20 20:40:27', 'red_9f3a7c2e5b10'),
(10537, 398, 12, 0, '2025-08-21 20:21:48', 'red_9f3a7c2e5b10'),
(10580, 165, 103, 0, '2025-08-22 05:49:34', 'red_9f3a7c2e5b10'),
(10581, 165, 102, 0, '2025-08-22 05:49:34', 'red_9f3a7c2e5b10'),
(10582, 165, 51, 0, '2025-08-22 05:49:36', 'red_9f3a7c2e5b10'),
(10583, 165, 54, 0, '2025-08-22 05:49:36', 'red_9f3a7c2e5b10'),
(10584, 165, 55, 0, '2025-08-22 05:49:36', 'red_9f3a7c2e5b10'),
(10585, 165, 52, 0, '2025-08-22 05:49:37', 'red_9f3a7c2e5b10'),
(10586, 165, 53, 0, '2025-08-22 05:49:37', 'red_9f3a7c2e5b10'),
(10599, 165, 66, 0, '2025-08-22 05:49:40', 'red_9f3a7c2e5b10'),
(10600, 165, 67, 0, '2025-08-22 05:49:40', 'red_9f3a7c2e5b10'),
(10606, 165, 37, 0, '2025-08-22 05:49:43', 'red_9f3a7c2e5b10'),
(10607, 165, 38, 0, '2025-08-22 05:49:43', 'red_9f3a7c2e5b10'),
(10608, 165, 39, 0, '2025-08-22 05:49:43', 'red_9f3a7c2e5b10'),
(10609, 165, 35, 0, '2025-08-22 05:49:43', 'red_9f3a7c2e5b10'),
(10610, 165, 36, 0, '2025-08-22 05:49:43', 'red_9f3a7c2e5b10'),
(10612, 165, 27, 0, '2025-08-22 06:01:53', 'red_9f3a7c2e5b10'),
(10630, 165, 33, 0, '2025-08-22 06:02:03', 'red_9f3a7c2e5b10'),
(10632, 165, 34, 0, '2025-08-22 06:02:05', 'red_9f3a7c2e5b10'),
(10648, 165, 8, 1, '2025-08-24 00:48:42', 'red_9f3a7c2e5b10'),
(10649, 165, 9, 1, '2025-08-24 00:48:42', 'red_9f3a7c2e5b10'),
(10650, 165, 10, 1, '2025-08-24 00:48:42', 'red_9f3a7c2e5b10'),
(10651, 165, 7, 1, '2025-08-24 00:48:42', 'red_9f3a7c2e5b10'),
(10652, 165, 11, 1, '2025-08-24 00:48:42', 'red_9f3a7c2e5b10'),
(10654, 165, 12, 0, '2025-08-24 00:48:44', 'red_9f3a7c2e5b10'),
(10655, 165, 15, 1, '2025-08-24 00:48:48', 'red_9f3a7c2e5b10'),
(10656, 165, 16, 1, '2025-08-24 00:48:48', 'red_9f3a7c2e5b10'),
(10657, 165, 14, 1, '2025-08-24 00:48:48', 'red_9f3a7c2e5b10'),
(10658, 165, 17, 1, '2025-08-24 00:48:48', 'red_9f3a7c2e5b10'),
(10659, 165, 18, 1, '2025-08-24 00:48:48', 'red_9f3a7c2e5b10'),
(10661, 165, 20, 1, '2025-08-24 00:48:48', 'red_9f3a7c2e5b10'),
(10662, 165, 21, 1, '2025-08-24 00:48:48', 'red_9f3a7c2e5b10'),
(10663, 165, 22, 1, '2025-08-24 00:48:48', 'red_9f3a7c2e5b10'),
(10664, 165, 23, 1, '2025-08-24 00:48:48', 'red_9f3a7c2e5b10'),
(10665, 165, 13, 1, '2025-08-24 00:48:48', 'red_9f3a7c2e5b10'),
(10666, 165, 24, 1, '2025-08-24 00:48:48', 'red_9f3a7c2e5b10'),
(10667, 165, 19, 0, '2025-08-24 00:48:51', 'red_9f3a7c2e5b10'),
(10668, 165, 25, 1, '2025-08-24 00:49:08', 'red_9f3a7c2e5b10'),
(10669, 165, 26, 1, '2025-08-24 00:49:08', 'red_9f3a7c2e5b10'),
(10670, 165, 29, 1, '2025-08-24 00:49:10', 'red_9f3a7c2e5b10'),
(10671, 165, 28, 1, '2025-08-24 00:49:10', 'red_9f3a7c2e5b10'),
(10672, 165, 30, 1, '2025-08-24 00:49:10', 'red_9f3a7c2e5b10'),
(10673, 165, 31, 1, '2025-08-24 00:49:10', 'red_9f3a7c2e5b10'),
(10674, 165, 32, 1, '2025-08-24 00:49:10', 'red_9f3a7c2e5b10'),
(10675, 165, 41, 1, '2025-08-24 00:49:15', 'red_9f3a7c2e5b10'),
(10677, 165, 42, 1, '2025-08-24 00:49:15', 'red_9f3a7c2e5b10'),
(10678, 165, 44, 1, '2025-08-24 00:49:15', 'red_9f3a7c2e5b10'),
(10679, 165, 45, 1, '2025-08-24 00:49:15', 'red_9f3a7c2e5b10'),
(10680, 165, 43, 0, '2025-08-24 00:49:20', 'red_9f3a7c2e5b10'),
(10681, 165, 47, 1, '2025-08-24 00:49:23', 'red_9f3a7c2e5b10'),
(10682, 165, 46, 1, '2025-08-24 00:49:23', 'red_9f3a7c2e5b10'),
(10683, 165, 48, 1, '2025-08-24 00:49:23', 'red_9f3a7c2e5b10'),
(10684, 165, 49, 1, '2025-08-24 00:49:24', 'red_9f3a7c2e5b10'),
(10685, 165, 50, 1, '2025-08-24 00:49:24', 'red_9f3a7c2e5b10'),
(10686, 165, 57, 1, '2025-08-24 00:49:30', 'red_9f3a7c2e5b10'),
(10687, 165, 58, 1, '2025-08-24 00:49:30', 'red_9f3a7c2e5b10'),
(10688, 165, 59, 1, '2025-08-24 00:49:30', 'red_9f3a7c2e5b10'),
(10690, 165, 61, 1, '2025-08-24 00:49:30', 'red_9f3a7c2e5b10'),
(10692, 165, 63, 1, '2025-08-24 00:49:30', 'red_9f3a7c2e5b10'),
(10695, 165, 65, 0, '2025-08-24 00:49:41', 'red_9f3a7c2e5b10'),
(10696, 165, 64, 0, '2025-08-24 00:49:42', 'red_9f3a7c2e5b10'),
(10697, 165, 62, 0, '2025-08-24 00:49:58', 'red_9f3a7c2e5b10'),
(10698, 165, 60, 0, '2025-08-24 00:50:04', 'red_9f3a7c2e5b10'),
(10699, 165, 74, 1, '2025-08-24 00:50:18', 'red_9f3a7c2e5b10'),
(10700, 165, 75, 1, '2025-08-24 00:50:18', 'red_9f3a7c2e5b10'),
(10701, 165, 76, 1, '2025-08-24 00:50:18', 'red_9f3a7c2e5b10'),
(10702, 165, 77, 1, '2025-08-24 00:50:18', 'red_9f3a7c2e5b10'),
(10703, 165, 78, 1, '2025-08-24 00:50:18', 'red_9f3a7c2e5b10'),
(10710, 165, 158, 0, '2025-08-24 00:54:11', 'red_9f3a7c2e5b10'),
(10711, 165, 157, 0, '2025-08-24 00:54:11', 'red_9f3a7c2e5b10'),
(10721, 165, 2, 0, '2025-08-24 06:15:05', 'red_9f3a7c2e5b10'),
(10722, 165, 3, 0, '2025-08-24 06:15:05', 'red_9f3a7c2e5b10'),
(10723, 165, 4, 0, '2025-08-24 06:15:05', 'red_9f3a7c2e5b10'),
(10724, 165, 5, 0, '2025-08-24 06:15:05', 'red_9f3a7c2e5b10'),
(10725, 165, 1, 0, '2025-08-24 06:15:05', 'red_9f3a7c2e5b10'),
(10726, 398, 11, 1, '2025-08-25 01:02:11', 'red_9f3a7c2e5b10'),
(10728, 398, 19, 0, '2025-08-25 01:02:14', 'red_9f3a7c2e5b10'),
(10729, 398, 21, 1, '2025-08-25 01:02:14', 'red_9f3a7c2e5b10'),
(10730, 398, 30, 1, '2025-08-25 01:02:16', 'red_9f3a7c2e5b10'),
(10739, 398, 59, 1, '2025-08-25 01:02:19', 'red_9f3a7c2e5b10'),
(10740, 398, 61, 1, '2025-08-25 01:02:19', 'red_9f3a7c2e5b10'),
(10741, 398, 63, 1, '2025-08-25 01:02:19', 'red_9f3a7c2e5b10'),
(10742, 398, 65, 1, '2025-08-25 01:02:19', 'red_9f3a7c2e5b10'),
(10743, 165, 56, 1, '2025-08-29 00:31:05', 'red_9f3a7c2e5b10'),
(10748, 165, 156, 1, '2025-08-30 05:27:25', 'red_9f3a7c2e5b10'),
(10749, 165, 153, 1, '2025-08-30 05:27:27', 'red_9f3a7c2e5b10'),
(10750, 165, 154, 1, '2025-08-30 05:27:28', 'red_9f3a7c2e5b10'),
(10751, 165, 155, 1, '2025-08-30 05:27:28', 'red_9f3a7c2e5b10'),
(10752, 165, 149, 1, '2025-08-30 05:27:31', 'red_9f3a7c2e5b10'),
(10753, 165, 150, 1, '2025-08-30 05:27:31', 'red_9f3a7c2e5b10');

-- --------------------------------------------------------

--
-- Table structure for table `attendance_sessions`
--

CREATE TABLE `attendance_sessions` (
  `id` int(11) NOT NULL,
  `gathering_type_id` int(11) NOT NULL,
  `session_date` date NOT NULL,
  `created_by` int(11) NOT NULL,
  `notes` text DEFAULT NULL,
  `created_at` timestamp NOT NULL DEFAULT current_timestamp(),
  `updated_at` timestamp NOT NULL DEFAULT current_timestamp() ON UPDATE current_timestamp(),
  `church_id` varchar(36) NOT NULL
) ENGINE=InnoDB DEFAULT CHARSET=utf8mb4 COLLATE=utf8mb4_general_ci;

--
-- Dumping data for table `attendance_sessions`
--

INSERT INTO `attendance_sessions` (`id`, `gathering_type_id`, `session_date`, `created_by`, `notes`, `created_at`, `updated_at`, `church_id`) VALUES
(2, 1, '2025-07-20', 2, NULL, '2025-07-26 03:30:27', '2025-08-13 03:14:20', 'red_9f3a7c2e5b10'),
(18, 1, '2025-05-25', 6, NULL, '2025-07-26 09:14:20', '2025-08-13 03:14:20', 'red_9f3a7c2e5b10'),
(20, 1, '2025-07-27', 2, NULL, '2025-07-26 20:58:36', '2025-08-13 03:14:20', 'red_9f3a7c2e5b10'),
(101, 2, '2025-07-27', 2, NULL, '2025-07-27 10:27:40', '2025-08-13 03:14:20', 'red_9f3a7c2e5b10'),
(117, 1, '2025-07-13', 2, NULL, '2025-07-28 09:54:29', '2025-08-13 03:14:20', 'red_9f3a7c2e5b10'),
(139, 1, '2025-08-03', 2, NULL, '2025-07-31 07:20:06', '2025-08-13 03:14:20', 'red_9f3a7c2e5b10'),
(165, 1, '2025-08-24', 7, NULL, '2025-08-03 00:42:51', '2025-08-29 00:31:05', 'red_9f3a7c2e5b10'),
(203, 2, '2025-08-03', 2, NULL, '2025-08-04 04:18:19', '2025-08-13 03:14:20', 'red_9f3a7c2e5b10'),
(212, 3, '2025-08-06', 2, NULL, '2025-08-06 02:07:34', '2025-08-13 03:14:20', 'red_9f3a7c2e5b10'),
(216, 1, '2025-08-10', 2, NULL, '2025-08-08 06:44:37', '2025-08-13 06:44:33', 'red_9f3a7c2e5b10'),
(306, 3, '2025-08-13', 2, NULL, '2025-08-12 21:41:54', '2025-08-13 03:14:20', 'red_9f3a7c2e5b10'),
(337, 1, '2025-08-17', 2, NULL, '2025-08-16 02:11:01', '2025-08-20 20:40:27', 'red_9f3a7c2e5b10'),
(385, 2, '2025-08-17', 2, NULL, '2025-08-17 10:31:02', '2025-08-18 04:08:49', 'red_9f3a7c2e5b10'),
(398, 2, '2025-08-24', 2, NULL, '2025-08-21 20:21:08', '2025-08-25 01:02:19', 'red_9f3a7c2e5b10');

-- --------------------------------------------------------

--
-- Table structure for table `audit_log`
--

CREATE TABLE `audit_log` (
  `id` int(11) NOT NULL,
  `user_id` int(11) DEFAULT NULL,
  `action` varchar(255) NOT NULL,
  `entity_type` varchar(50) DEFAULT NULL,
  `entity_id` int(11) DEFAULT NULL,
  `table_name` varchar(100) DEFAULT NULL,
  `record_id` int(11) DEFAULT NULL,
  `old_values` longtext CHARACTER SET utf8mb4 COLLATE utf8mb4_bin DEFAULT NULL CHECK (json_valid(`old_values`)),
  `new_values` longtext CHARACTER SET utf8mb4 COLLATE utf8mb4_bin DEFAULT NULL CHECK (json_valid(`new_values`)),
  `ip_address` varchar(45) DEFAULT NULL,
  `user_agent` text DEFAULT NULL,
  `created_at` timestamp NOT NULL DEFAULT current_timestamp(),
  `church_id` varchar(36) NOT NULL
) ENGINE=InnoDB DEFAULT CHARSET=utf8mb4 COLLATE=utf8mb4_general_ci;

--
-- Dumping data for table `audit_log`
--

INSERT INTO `audit_log` (`id`, `user_id`, `action`, `entity_type`, `entity_id`, `table_name`, `record_id`, `old_values`, `new_values`, `ip_address`, `user_agent`, `created_at`, `church_id`) VALUES
(1, 2, 'SEND_INVITATION', NULL, NULL, NULL, NULL, NULL, '{\"firstName\":\"test\",\"lastName\":\"test\",\"email\":\"\",\"mobileNumber\":\"0427906691\",\"primaryContactMethod\":\"sms\",\"role\":\"attendance_taker\",\"gatheringIds\":[]}', '::ffff:172.29.0.3', 'Mozilla/5.0 (Macintosh; Intel Mac OS X 10_15_7) AppleWebKit/537.36 (KHTML, like Gecko) Chrome/138.0.0.0 Safari/537.36', '2025-07-26 04:21:35', 'red_9f3a7c2e5b10'),
(2, 2, 'CANCEL_INVITATION', NULL, NULL, NULL, NULL, NULL, '{}', '::ffff:172.29.0.3', 'Mozilla/5.0 (Macintosh; Intel Mac OS X 10_15_7) AppleWebKit/537.36 (KHTML, like Gecko) Chrome/138.0.0.0 Safari/537.36', '2025-07-26 04:22:27', 'red_9f3a7c2e5b10'),
(3, 2, 'CANCEL_INVITATION', NULL, NULL, NULL, NULL, NULL, '{}', '::ffff:172.29.0.3', 'Mozilla/5.0 (Macintosh; Intel Mac OS X 10_15_7) AppleWebKit/537.36 (KHTML, like Gecko) Chrome/138.0.0.0 Safari/537.36', '2025-07-26 04:22:29', 'red_9f3a7c2e5b10'),
(4, 2, 'SEND_INVITATION', NULL, NULL, NULL, NULL, NULL, '{\"firstName\":\"test\",\"lastName\":\"test\",\"email\":\"isaac@leemail.com.au\",\"mobileNumber\":\"\",\"primaryContactMethod\":\"email\",\"role\":\"attendance_taker\",\"gatheringIds\":[1]}', '::ffff:172.29.0.3', 'Mozilla/5.0 (Macintosh; Intel Mac OS X 10_15_7) AppleWebKit/537.36 (KHTML, like Gecko) Chrome/138.0.0.0 Safari/537.36', '2025-07-26 04:22:43', 'red_9f3a7c2e5b10'),
(5, 2, 'SEND_INVITATION', NULL, NULL, NULL, NULL, NULL, '{\"firstName\":\"test\",\"lastName\":\"user\",\"email\":\"\",\"mobileNumber\":\"0427906691\",\"primaryContactMethod\":\"sms\",\"role\":\"attendance_taker\",\"gatheringIds\":[1]}', '::ffff:172.29.0.3', 'Mozilla/5.0 (Macintosh; Intel Mac OS X 10_15_7) AppleWebKit/537.36 (KHTML, like Gecko) Chrome/138.0.0.0 Safari/537.36', '2025-07-26 05:38:20', 'red_9f3a7c2e5b10'),
(6, 2, 'SEND_INVITATION', NULL, NULL, NULL, NULL, NULL, '{\"firstName\":\"tres\",\"lastName\":\"tet\",\"email\":\"isaac@leemail.com.au\",\"mobileNumber\":\"\",\"primaryContactMethod\":\"email\",\"role\":\"attendance_taker\",\"gatheringIds\":[1]}', '::ffff:172.29.0.3', 'Mozilla/5.0 (Macintosh; Intel Mac OS X 10_15_7) AppleWebKit/537.36 (KHTML, like Gecko) Chrome/138.0.0.0 Safari/537.36', '2025-07-26 05:39:51', 'red_9f3a7c2e5b10'),
(7, 2, 'SEND_INVITATION', NULL, NULL, NULL, NULL, NULL, '{\"firstName\":\"Isaac\",\"lastName\":\"isaac\",\"email\":\"isaac@leemail.com.au\",\"mobileNumber\":\"\",\"primaryContactMethod\":\"email\",\"role\":\"attendance_taker\",\"gatheringIds\":[1]}', '::ffff:172.29.0.3', 'Mozilla/5.0 (Macintosh; Intel Mac OS X 10_15_7) AppleWebKit/537.36 (KHTML, like Gecko) Chrome/138.0.0.0 Safari/537.36', '2025-07-26 06:03:57', 'red_9f3a7c2e5b10'),
(8, 2, 'SEND_INVITATION', NULL, NULL, NULL, NULL, NULL, '{\"firstName\":\"test\",\"lastName\":\"test\",\"email\":\"isaac@leemail.com.au\",\"mobileNumber\":\"\",\"primaryContactMethod\":\"email\",\"role\":\"attendance_taker\",\"gatheringIds\":[1]}', '::ffff:172.29.0.3', 'Mozilla/5.0 (Macintosh; Intel Mac OS X 10_15_7) AppleWebKit/537.36 (KHTML, like Gecko) Chrome/138.0.0.0 Safari/537.36', '2025-07-26 06:07:39', 'red_9f3a7c2e5b10'),
(9, 2, 'DELETE_USER', NULL, NULL, NULL, NULL, NULL, '{}', '::ffff:172.29.0.3', 'Mozilla/5.0 (Macintosh; Intel Mac OS X 10_15_7) AppleWebKit/537.36 (KHTML, like Gecko) Chrome/138.0.0.0 Safari/537.36', '2025-07-26 06:59:41', 'red_9f3a7c2e5b10'),
(10, 2, 'DELETE_USER', NULL, NULL, NULL, NULL, NULL, '{}', '::ffff:172.29.0.3', 'Mozilla/5.0 (Macintosh; Intel Mac OS X 10_15_7) AppleWebKit/537.36 (KHTML, like Gecko) Chrome/138.0.0.0 Safari/537.36', '2025-07-26 07:07:11', 'red_9f3a7c2e5b10'),
(11, 2, 'SEND_INVITATION', NULL, NULL, NULL, NULL, NULL, '{\"firstName\":\"r\",\"lastName\":\"te\",\"email\":\"isaac@leemail.com.au\",\"mobileNumber\":\"\",\"primaryContactMethod\":\"email\",\"role\":\"attendance_taker\",\"gatheringIds\":[1]}', '::ffff:172.29.0.3', 'Mozilla/5.0 (Macintosh; Intel Mac OS X 10_15_7) AppleWebKit/537.36 (KHTML, like Gecko) Chrome/138.0.0.0 Safari/537.36', '2025-07-26 07:07:22', 'red_9f3a7c2e5b10'),
(12, 2, 'ASSIGN_USER_GATHERINGS', NULL, NULL, NULL, NULL, NULL, '{\"gatheringIds\":[1]}', '::ffff:172.29.0.3', 'Mozilla/5.0 (Macintosh; Intel Mac OS X 10_15_7) AppleWebKit/537.36 (KHTML, like Gecko) Chrome/138.0.0.0 Safari/537.36', '2025-07-26 09:09:05', 'red_9f3a7c2e5b10'),
(13, 2, 'SEND_INVITATION', NULL, NULL, NULL, NULL, NULL, '{\"firstName\":\"Josh\",\"lastName\":\"Withers\",\"email\":\"josh@withers.co\",\"mobileNumber\":\"\",\"primaryContactMethod\":\"email\",\"role\":\"attendance_taker\",\"gatheringIds\":[1]}', '::ffff:172.29.0.3', 'Mozilla/5.0 (Macintosh; Intel Mac OS X 10_15_7) AppleWebKit/537.36 (KHTML, like Gecko) Chrome/138.0.0.0 Safari/537.36', '2025-07-26 09:11:01', 'red_9f3a7c2e5b10'),
(14, 2, 'ASSIGN_USER_GATHERINGS', NULL, NULL, NULL, NULL, NULL, '{\"gatheringIds\":[1]}', '::ffff:172.29.0.3', 'Mozilla/5.0 (Macintosh; Intel Mac OS X 10_15_7) AppleWebKit/537.36 (KHTML, like Gecko) Chrome/138.0.0.0 Safari/537.36', '2025-07-26 09:11:08', 'red_9f3a7c2e5b10'),
(15, 2, 'SEND_INVITATION', NULL, NULL, NULL, NULL, NULL, '{\"firstName\":\"Mark\",\"lastName\":\"Boonstra\",\"email\":\"markrichardboonstra@gmail.com\",\"mobileNumber\":\"\",\"primaryContactMethod\":\"email\",\"role\":\"attendance_taker\",\"gatheringIds\":[1]}', '::ffff:172.29.0.3', 'Mozilla/5.0 (Macintosh; Intel Mac OS X 10_15_7) AppleWebKit/537.36 (KHTML, like Gecko) Chrome/138.0.0.0 Safari/537.36', '2025-07-26 11:13:43', 'red_9f3a7c2e5b10'),
(16, 2, 'ASSIGN_USER_GATHERINGS', NULL, NULL, NULL, NULL, NULL, '{\"gatheringIds\":[1]}', '::ffff:172.29.0.3', 'Mozilla/5.0 (Macintosh; Intel Mac OS X 10_15_7) AppleWebKit/537.36 (KHTML, like Gecko) Chrome/138.0.0.0 Safari/537.36', '2025-07-26 11:13:52', 'red_9f3a7c2e5b10'),
(17, 2, 'ASSIGN_USER_GATHERINGS', NULL, NULL, NULL, NULL, NULL, '{\"gatheringIds\":[1,2]}', '::ffff:172.29.0.3', 'Mozilla/5.0 (iPhone; CPU iPhone OS 18_5 like Mac OS X) AppleWebKit/605.1.15 (KHTML, like Gecko) Version/18.5 Mobile/15E148 Safari/604.1', '2025-07-27 07:09:14', 'red_9f3a7c2e5b10'),
(18, 2, 'MASS_ASSIGN_TO_SERVICE', NULL, NULL, NULL, NULL, NULL, '{\"individualIds\":[109]}', '::ffff:172.29.0.3', 'Mozilla/5.0 (iPhone; CPU iPhone OS 18_5 like Mac OS X) AppleWebKit/605.1.15 (KHTML, like Gecko) Version/18.5 Mobile/15E148 Safari/604.1', '2025-07-27 10:28:52', 'red_9f3a7c2e5b10'),
(19, 2, 'COPY_PASTE_IMPORT', NULL, NULL, NULL, NULL, NULL, '{\"data\":\"Chloe, Reardon, \\\"Chloe and Fin\\\"\\nFin, Unknown, \\\"Chloe and Fin\\\"\"}', '::ffff:172.29.0.4', 'Mozilla/5.0 (Macintosh; Intel Mac OS X 10_15_7) AppleWebKit/537.36 (KHTML, like Gecko) Chrome/138.0.0.0 Safari/537.36', '2025-08-02 05:07:26', 'red_9f3a7c2e5b10'),
(20, 2, 'ASSIGN_USER_GATHERINGS', NULL, NULL, NULL, NULL, NULL, '{\"gatheringIds\":[3,1,2]}', '::ffff:172.29.0.2', 'Mozilla/5.0 (iPhone; CPU iPhone OS 18_5 like Mac OS X) AppleWebKit/605.1.15 (KHTML, like Gecko) Version/18.5 Mobile/15E148 Safari/604.1', '2025-08-05 21:43:45', 'red_9f3a7c2e5b10'),
(21, 2, 'CREATE_FAMILY', NULL, NULL, 'attendance_sessions', 47, NULL, '{\"familyName\":\"Ole, Johannes\",\"serviceName\":null,\"serviceDate\":null,\"actionCount\":2,\"firstAction\":\"2025-08-13T03:33:44.846Z\",\"latestUpdate\":\"2025-08-13T03:34:54.968Z\"}', '::ffff:172.29.0.5', 'Mozilla/5.0 (Macintosh; Intel Mac OS X 10_15_7) AppleWebKit/537.36 (KHTML, like Gecko) Chrome/138.0.0.0 Safari/537.36', '2025-08-13 03:34:54', 'red_9f3a7c2e5b10'),
(22, 2, 'DELETE_INDIVIDUAL', NULL, NULL, 'attendance_sessions', 131, NULL, '{\"serviceName\":null,\"serviceDate\":null,\"actionCount\":1,\"firstAction\":\"2025-08-13T03:34:29.186Z\"}', '::ffff:172.29.0.5', 'Mozilla/5.0 (Macintosh; Intel Mac OS X 10_15_7) AppleWebKit/537.36 (KHTML, like Gecko) Chrome/138.0.0.0 Safari/537.36', '2025-08-13 03:34:29', 'red_9f3a7c2e5b10'),
(23, 2, 'UPDATE_FAMILY', NULL, NULL, 'attendance_sessions', 36, NULL, '{\"familyName\":\"REARDON and KAYE\",\"familyType\":\"local_visitor\",\"serviceName\":null,\"serviceDate\":null,\"actionCount\":5,\"firstAction\":\"2025-08-13T03:47:51.521Z\",\"latestUpdate\":\"2025-08-13T03:49:04.520Z\"}', '::ffff:172.29.0.5', 'Mozilla/5.0 (Macintosh; Intel Mac OS X 10_15_7) AppleWebKit/537.36 (KHTML, like Gecko) Chrome/138.0.0.0 Safari/537.36', '2025-08-13 03:49:04', 'red_9f3a7c2e5b10'),
(24, 2, 'UPDATE_INDIVIDUAL', NULL, NULL, 'attendance_sessions', 100, NULL, '{\"firstName\":\"Chloe\",\"lastName\":\"Unknown\",\"familyId\":27,\"peopleType\":\"local_visitor\",\"serviceName\":null,\"serviceDate\":null,\"actionCount\":13,\"firstAction\":\"2025-08-13T03:47:51.536Z\",\"latestUpdate\":\"2025-08-13T03:49:04.564Z\"}', '::ffff:172.29.0.5', 'Mozilla/5.0 (Macintosh; Intel Mac OS X 10_15_7) AppleWebKit/537.36 (KHTML, like Gecko) Chrome/138.0.0.0 Safari/537.36', '2025-08-13 03:49:04', 'red_9f3a7c2e5b10'),
(25, 2, 'UPDATE_USER', NULL, NULL, 'attendance_sessions', NULL, NULL, '{\"firstName\":\"Mark\",\"lastName\":\"Boonstra\",\"email\":\"markrichardboonstra@gmail.com\",\"mobileNumber\":\"0475214208\",\"primaryContactMethod\":\"email\",\"role\":\"attendance_taker\",\"serviceName\":null,\"serviceDate\":null,\"actionCount\":2,\"firstAction\":\"2025-08-13T03:49:46.623Z\",\"latestUpdate\":\"2025-08-13T03:50:01.263Z\"}', '::ffff:172.29.0.5', 'Mozilla/5.0 (Macintosh; Intel Mac OS X 10_15_7) AppleWebKit/537.36 (KHTML, like Gecko) Chrome/138.0.0.0 Safari/537.36', '2025-08-13 03:50:01', 'red_9f3a7c2e5b10'),
(26, 2, 'DELETE_USER', NULL, NULL, 'attendance_sessions', NULL, NULL, '{\"serviceName\":null,\"serviceDate\":null,\"actionCount\":1,\"firstAction\":\"2025-08-13T03:50:14.865Z\"}', '::ffff:172.29.0.5', 'Mozilla/5.0 (Macintosh; Intel Mac OS X 10_15_7) AppleWebKit/537.36 (KHTML, like Gecko) Chrome/138.0.0.0 Safari/537.36', '2025-08-13 03:50:14', 'red_9f3a7c2e5b10'),
(27, 2, 'DELETE_USER', NULL, NULL, 'attendance_sessions', NULL, NULL, '{\"serviceName\":null,\"serviceDate\":null,\"actionCount\":1,\"firstAction\":\"2025-08-13T04:10:46.960Z\"}', '172.18.0.7', 'Mozilla/5.0 (Macintosh; Intel Mac OS X 10_15_7) AppleWebKit/537.36 (KHTML, like Gecko) Chrome/138.0.0.0 Safari/537.36', '2025-08-13 04:10:46', 'red_9f3a7c2e5b10'),
(28, 8, 'CREATE_FAMILY', NULL, NULL, 'attendance_sessions', 48, NULL, '{\"familyName\":\"Winters, Jeshua and Bruttany\",\"serviceName\":null,\"serviceDate\":null,\"actionCount\":1,\"firstAction\":\"2025-08-13T04:15:25.112Z\"}', '172.18.0.7', 'Mozilla/5.0 (Macintosh; Intel Mac OS X 10_15_7) AppleWebKit/605.1.15 (KHTML, like Gecko) Version/26.0 Safari/605.1.15', '2025-08-13 04:15:25', 'the_a7163610d65f'),
(29, 8, 'CREATE_INDIVIDUAL', NULL, NULL, 'attendance_sessions', 134, NULL, '{\"firstName\":\"Jeshua\",\"lastName\":\"Winters\",\"familyId\":48,\"serviceName\":null,\"serviceDate\":null,\"actionCount\":2,\"firstAction\":\"2025-08-13T04:15:25.369Z\",\"latestUpdate\":\"2025-08-13T04:15:25.438Z\"}', '172.18.0.7', 'Mozilla/5.0 (Macintosh; Intel Mac OS X 10_15_7) AppleWebKit/605.1.15 (KHTML, like Gecko) Version/26.0 Safari/605.1.15', '2025-08-13 04:15:25', 'the_a7163610d65f'),
(30, 8, 'CREATE_GATHERING_TYPE', NULL, NULL, 'attendance_sessions', 5, NULL, '{\"name\":\"Tuesday Morning Service\",\"description\":\"Weekly Tuesday morning gathering\",\"dayOfWeek\":\"Thursday\",\"startTime\":\"09:41\",\"frequency\":\"weekly\",\"serviceName\":null,\"serviceDate\":null,\"actionCount\":1,\"firstAction\":\"2025-08-13T04:16:26.679Z\"}', '172.18.0.7', 'Mozilla/5.0 (Macintosh; Intel Mac OS X 10_15_7) AppleWebKit/605.1.15 (KHTML, like Gecko) Version/26.0 Safari/605.1.15', '2025-08-13 04:16:26', 'the_a7163610d65f'),
(31, 8, 'CREATE_VISITOR_FAMILY', NULL, NULL, 'attendance_sessions', NULL, NULL, '{\"familyName\":\"LINSIISISD, Rebecca\",\"peopleType\":\"traveller_visitor\",\"people\":[{\"firstName\":\"Rebecca\",\"lastName\":\"Linsiisisd\",\"firstUnknown\":false,\"lastUnknown\":false,\"isChild\":false}],\"serviceName\":null,\"serviceDate\":null,\"actionCount\":6,\"firstAction\":\"2025-08-13T04:18:18.347Z\",\"latestUpdate\":\"2025-08-13T04:21:46.167Z\"}', '172.18.0.7', 'Mozilla/5.0 (Macintosh; Intel Mac OS X 10_15_7) AppleWebKit/605.1.15 (KHTML, like Gecko) Version/26.0 Safari/605.1.15', '2025-08-13 04:21:46', 'the_a7163610d65f'),
(32, 8, 'CREATE_FAMILY', NULL, NULL, 'attendance_sessions', 55, NULL, '{\"familyName\":\"Lindis, Rebecca\",\"serviceName\":null,\"serviceDate\":null,\"actionCount\":1,\"firstAction\":\"2025-08-13T04:22:12.716Z\"}', '172.18.0.7', 'Mozilla/5.0 (Macintosh; Intel Mac OS X 10_15_7) AppleWebKit/605.1.15 (KHTML, like Gecko) Version/26.0 Safari/605.1.15', '2025-08-13 04:22:12', 'the_a7163610d65f'),
(33, 8, 'CREATE_INDIVIDUAL', NULL, NULL, 'attendance_sessions', 141, NULL, '{\"firstName\":\"Rebecca\",\"lastName\":\"Lindis\",\"familyId\":55,\"serviceName\":null,\"serviceDate\":null,\"actionCount\":1,\"firstAction\":\"2025-08-13T04:22:12.790Z\"}', '172.18.0.7', 'Mozilla/5.0 (Macintosh; Intel Mac OS X 10_15_7) AppleWebKit/605.1.15 (KHTML, like Gecko) Version/26.0 Safari/605.1.15', '2025-08-13 04:22:12', 'the_a7163610d65f'),
(34, 8, 'CREATE_VISITOR_FAMILY', NULL, NULL, 'attendance_sessions', NULL, NULL, '{\"familyName\":\"MCBLOB, Blobby\",\"peopleType\":\"traveller_visitor\",\"notes\":\"Great guy, real blob vibes\",\"people\":[{\"firstName\":\"Blobby\",\"lastName\":\"McBlob\",\"firstUnknown\":false,\"lastUnknown\":false,\"isChild\":false}],\"serviceName\":null,\"serviceDate\":null,\"actionCount\":2,\"firstAction\":\"2025-08-13T04:29:48.875Z\",\"latestUpdate\":\"2025-08-13T04:31:08.022Z\"}', '172.18.0.7', 'Mozilla/5.0 (Macintosh; Intel Mac OS X 10_15_7) AppleWebKit/605.1.15 (KHTML, like Gecko) Version/26.0 Safari/605.1.15', '2025-08-13 04:31:08', 'the_a7163610d65f'),
(35, 2, 'CREATE_VISITOR_FAMILY', NULL, NULL, 'attendance_sessions', NULL, NULL, '{\"familyName\":\"TEST, test\",\"peopleType\":\"local_visitor\",\"people\":[{\"firstName\":\"test\",\"lastName\":\"test\",\"firstUnknown\":false,\"lastUnknown\":false,\"isChild\":false}],\"serviceName\":null,\"serviceDate\":null,\"actionCount\":1,\"firstAction\":\"2025-08-13T04:37:46.574Z\"}', '172.18.0.7', 'Mozilla/5.0 (Macintosh; Intel Mac OS X 10_15_7) AppleWebKit/537.36 (KHTML, like Gecko) Chrome/138.0.0.0 Safari/537.36', '2025-08-13 04:37:46', 'red_9f3a7c2e5b10'),
(36, 2, 'CREATE_VISITOR_FAMILY', NULL, NULL, 'attendance_sessions', NULL, NULL, '{\"familyName\":\"RETREAT, retreat\",\"peopleType\":\"local_visitor\",\"people\":[{\"firstName\":\"retreat\",\"lastName\":\"retreat\",\"firstUnknown\":false,\"lastUnknown\":false,\"isChild\":false}],\"serviceName\":null,\"serviceDate\":null,\"actionCount\":1,\"firstAction\":\"2025-08-13T04:43:36.950Z\"}', '172.18.0.7', 'Mozilla/5.0 (Macintosh; Intel Mac OS X 10_15_7) AppleWebKit/537.36 (KHTML, like Gecko) Chrome/138.0.0.0 Safari/537.36', '2025-08-13 04:43:36', 'red_9f3a7c2e5b10'),
(37, 2, 'ADD_VISITOR_FAMILY_TO_SERVICE', NULL, NULL, 'attendance_sessions', NULL, NULL, '{\"serviceName\":\"Sunday Service\",\"serviceDate\":\"2025-08-10\",\"actionCount\":1,\"firstAction\":\"2025-08-13T04:43:36.968Z\"}', '172.18.0.7', 'Mozilla/5.0 (Macintosh; Intel Mac OS X 10_15_7) AppleWebKit/537.36 (KHTML, like Gecko) Chrome/138.0.0.0 Safari/537.36', '2025-08-13 04:43:36', 'red_9f3a7c2e5b10'),
(38, 2, 'CREATE_VISITOR_FAMILY', NULL, NULL, 'attendance_sessions', NULL, NULL, '{\"familyName\":\"222, test\",\"peopleType\":\"local_visitor\",\"people\":[{\"firstName\":\"test\",\"lastName\":\"222\",\"firstUnknown\":false,\"lastUnknown\":false,\"isChild\":false}],\"serviceName\":null,\"serviceDate\":null,\"actionCount\":1,\"firstAction\":\"2025-08-13T04:48:38.264Z\"}', '172.18.0.7', 'Mozilla/5.0 (Macintosh; Intel Mac OS X 10_15_7) AppleWebKit/537.36 (KHTML, like Gecko) Chrome/138.0.0.0 Safari/537.36', '2025-08-13 04:48:38', 'red_9f3a7c2e5b10'),
(39, 2, 'ADD_VISITOR_FAMILY_TO_SERVICE', NULL, NULL, 'attendance_sessions', NULL, NULL, '{\"serviceName\":\"Sunday Service\",\"serviceDate\":\"2025-08-10\",\"actionCount\":1,\"firstAction\":\"2025-08-13T04:48:38.286Z\"}', '172.18.0.7', 'Mozilla/5.0 (Macintosh; Intel Mac OS X 10_15_7) AppleWebKit/537.36 (KHTML, like Gecko) Chrome/138.0.0.0 Safari/537.36', '2025-08-13 04:48:38', 'red_9f3a7c2e5b10'),
(40, 2, 'RECORD_ATTENDANCE', NULL, NULL, 'attendance_sessions', NULL, NULL, '{\"attendanceRecords\":[{\"individualId\":91,\"present\":true}],\"visitors\":[],\"serviceName\":\"Sunday Service\",\"serviceDate\":\"2025-08-10\",\"actionCount\":4,\"firstAction\":\"2025-08-13T04:49:31.112Z\",\"latestUpdate\":\"2025-08-13T04:49:39.622Z\"}', '172.18.0.7', 'Mozilla/5.0 (iPhone; CPU iPhone OS 16_6 like Mac OS X) AppleWebKit/605.1.15 (KHTML, like Gecko) Version/16.6 Mobile/15E148 Safari/604.1', '2025-08-13 04:49:39', 'red_9f3a7c2e5b10'),
(41, 2, 'UPDATE_INDIVIDUAL', NULL, NULL, 'attendance_sessions', 127, NULL, '{\"firstName\":\"Rielle\",\"lastName\":\"Unknown\",\"familyId\":33,\"serviceName\":null,\"serviceDate\":null,\"actionCount\":2,\"firstAction\":\"2025-08-13T04:52:31.821Z\",\"latestUpdate\":\"2025-08-13T04:52:39.542Z\"}', '172.18.0.7', 'Mozilla/5.0 (Macintosh; Intel Mac OS X 10_15_7) AppleWebKit/537.36 (KHTML, like Gecko) Chrome/138.0.0.0 Safari/537.36', '2025-08-13 04:52:39', 'red_9f3a7c2e5b10'),
(42, 2, 'DEDUPLICATE_INDIVIDUALS', NULL, NULL, 'attendance_sessions', NULL, NULL, '{\"keepId\":127,\"deleteIds\":[112],\"mergeAssignments\":true,\"serviceName\":null,\"serviceDate\":null,\"actionCount\":1,\"firstAction\":\"2025-08-13T04:52:54.493Z\"}', '172.18.0.7', 'Mozilla/5.0 (Macintosh; Intel Mac OS X 10_15_7) AppleWebKit/537.36 (KHTML, like Gecko) Chrome/138.0.0.0 Safari/537.36', '2025-08-13 04:52:54', 'red_9f3a7c2e5b10'),
(43, 2, 'RECORD_ATTENDANCE', NULL, NULL, 'attendance_sessions', NULL, NULL, '{\"attendanceRecords\":[{\"individualId\":145,\"present\":false}],\"visitors\":[],\"serviceName\":\"Sunday Service\",\"serviceDate\":\"2025-08-10\",\"actionCount\":6,\"firstAction\":\"2025-08-13T04:56:22.920Z\",\"latestUpdate\":\"2025-08-13T04:57:47.941Z\"}', '172.18.0.7', 'Mozilla/5.0 (Macintosh; Intel Mac OS X 10_15_7) AppleWebKit/537.36 (KHTML, like Gecko) Chrome/138.0.0.0 Safari/537.36', '2025-08-13 04:57:47', 'red_9f3a7c2e5b10'),
(44, 2, 'RECORD_ATTENDANCE', NULL, NULL, 'attendance_sessions', NULL, NULL, '{\"attendanceRecords\":[{\"individualId\":145,\"present\":false}],\"visitors\":[],\"serviceName\":\"Sunday Service\",\"serviceDate\":\"2025-08-10\",\"actionCount\":2,\"firstAction\":\"2025-08-13T05:06:02.366Z\",\"latestUpdate\":\"2025-08-13T05:06:13.439Z\"}', '172.18.0.7', 'Mozilla/5.0 (Macintosh; Intel Mac OS X 10_15_7) AppleWebKit/537.36 (KHTML, like Gecko) Chrome/138.0.0.0 Safari/537.36', '2025-08-13 05:06:13', 'red_9f3a7c2e5b10'),
(45, 2, 'RECORD_ATTENDANCE', NULL, NULL, 'attendance_sessions', NULL, NULL, '{\"attendanceRecords\":[{\"individualId\":145,\"present\":false}],\"visitors\":[],\"serviceName\":\"Sunday Service\",\"serviceDate\":\"2025-08-10\",\"actionCount\":8,\"firstAction\":\"2025-08-13T05:20:34.933Z\",\"latestUpdate\":\"2025-08-13T05:21:28.032Z\"}', '172.18.0.7', 'Mozilla/5.0 (Macintosh; Intel Mac OS X 10_15_7) AppleWebKit/537.36 (KHTML, like Gecko) Chrome/138.0.0.0 Safari/537.36', '2025-08-13 05:21:28', 'red_9f3a7c2e5b10'),
(46, 2, 'UPDATE_FAMILY', NULL, NULL, 'attendance_sessions', 41, NULL, '{\"familyName\":\"Ilwoo Old\",\"familyType\":\"local_visitor\",\"serviceName\":null,\"serviceDate\":null,\"actionCount\":1,\"firstAction\":\"2025-08-13T05:45:17.075Z\"}', '172.18.0.7', 'Mozilla/5.0 (Macintosh; Intel Mac OS X 10_15_7) AppleWebKit/537.36 (KHTML, like Gecko) Chrome/138.0.0.0 Safari/537.36', '2025-08-13 05:45:17', 'red_9f3a7c2e5b10'),
(47, 2, 'UPDATE_INDIVIDUAL', NULL, NULL, 'attendance_sessions', 116, NULL, '{\"firstName\":\"Ilwoo\",\"lastName\":\"Unknown\",\"familyId\":41,\"peopleType\":\"local_visitor\",\"serviceName\":null,\"serviceDate\":null,\"actionCount\":1,\"firstAction\":\"2025-08-13T05:45:17.093Z\"}', '172.18.0.7', 'Mozilla/5.0 (Macintosh; Intel Mac OS X 10_15_7) AppleWebKit/537.36 (KHTML, like Gecko) Chrome/138.0.0.0 Safari/537.36', '2025-08-13 05:45:17', 'red_9f3a7c2e5b10'),
(48, 2, 'RECORD_ATTENDANCE', NULL, NULL, 'attendance_sessions', NULL, NULL, '{\"attendanceRecords\":[{\"individualId\":113,\"present\":true}],\"visitors\":[],\"serviceName\":\"Sunday Service\",\"serviceDate\":\"2025-08-10\",\"actionCount\":1,\"firstAction\":\"2025-08-13T05:51:55.003Z\"}', '172.18.0.7', 'Mozilla/5.0 (Macintosh; Intel Mac OS X 10_15_7) AppleWebKit/537.36 (KHTML, like Gecko) Chrome/138.0.0.0 Safari/537.36', '2025-08-13 05:51:55', 'red_9f3a7c2e5b10'),
(49, 2, 'RECORD_ATTENDANCE', NULL, NULL, 'attendance_sessions', NULL, NULL, '{\"attendanceRecords\":[{\"individualId\":113,\"present\":true}],\"visitors\":[],\"serviceName\":\"Sunday Service\",\"serviceDate\":\"2025-08-10\",\"actionCount\":1,\"firstAction\":\"2025-08-13T06:44:33.327Z\"}', '172.18.0.7', 'Mozilla/5.0 (iPhone; CPU iPhone OS 18_5 like Mac OS X) AppleWebKit/605.1.15 (KHTML, like Gecko) Brave/1 Mobile/15E148 Safari/604.1', '2025-08-13 06:44:33', 'red_9f3a7c2e5b10'),
(50, 2, 'DELETE_INDIVIDUAL', NULL, NULL, 'attendance_sessions', 144, NULL, '{\"serviceName\":null,\"serviceDate\":null,\"actionCount\":4,\"firstAction\":\"2025-08-13T21:50:32.400Z\",\"latestUpdate\":\"2025-08-13T21:51:21.935Z\"}', '172.18.0.7', 'Mozilla/5.0 (Macintosh; Intel Mac OS X 10_15_7) AppleWebKit/537.36 (KHTML, like Gecko) Chrome/139.0.0.0 Safari/537.36', '2025-08-13 21:51:21', 'red_9f3a7c2e5b10'),
(51, 2, 'DEDUPLICATE_INDIVIDUALS', NULL, NULL, 'attendance_sessions', NULL, NULL, '{\"keepId\":115,\"deleteIds\":[105],\"mergeAssignments\":true,\"serviceName\":null,\"serviceDate\":null,\"actionCount\":1,\"firstAction\":\"2025-08-13T21:51:02.817Z\"}', '172.18.0.7', 'Mozilla/5.0 (Macintosh; Intel Mac OS X 10_15_7) AppleWebKit/537.36 (KHTML, like Gecko) Chrome/139.0.0.0 Safari/537.36', '2025-08-13 21:51:02', 'red_9f3a7c2e5b10'),
(52, 2, 'DEDUPLICATE_INDIVIDUALS', NULL, NULL, 'attendance_sessions', NULL, NULL, '{\"keepId\":127,\"deleteIds\":[116],\"mergeAssignments\":true,\"serviceName\":null,\"serviceDate\":null,\"actionCount\":1,\"firstAction\":\"2025-08-13T22:39:13.796Z\"}', '172.18.0.7', 'Mozilla/5.0 (Macintosh; Intel Mac OS X 10_15_7) AppleWebKit/537.36 (KHTML, like Gecko) Chrome/139.0.0.0 Safari/537.36', '2025-08-13 22:39:13', 'red_9f3a7c2e5b10'),
(53, 2, 'UPDATE_INDIVIDUAL', NULL, NULL, 'attendance_sessions', 127, NULL, '{\"firstName\":\"Rielle\",\"lastName\":\"Unknown\",\"peopleType\":\"local_visitor\",\"serviceName\":null,\"serviceDate\":null,\"actionCount\":2,\"firstAction\":\"2025-08-13T22:39:33.027Z\",\"latestUpdate\":\"2025-08-13T22:39:33.041Z\"}', '172.18.0.7', 'Mozilla/5.0 (Macintosh; Intel Mac OS X 10_15_7) AppleWebKit/537.36 (KHTML, like Gecko) Chrome/139.0.0.0 Safari/537.36', '2025-08-13 22:39:33', 'red_9f3a7c2e5b10'),
(54, 2, 'RECORD_ATTENDANCE', NULL, NULL, 'attendance_sessions', NULL, NULL, '{\"attendanceRecords\":[{\"individualId\":2,\"present\":true},{\"individualId\":3,\"present\":true},{\"individualId\":4,\"present\":true},{\"individualId\":5,\"present\":true},{\"individualId\":1,\"present\":true}],\"visitors\":[],\"serviceName\":\"Sunday Service\",\"serviceDate\":\"2025-08-17\",\"actionCount\":15,\"firstAction\":\"2025-08-16T02:11:01.167Z\",\"latestUpdate\":\"2025-08-16T02:12:24.286Z\"}', '172.18.0.7', 'Mozilla/5.0 (iPhone; CPU iPhone OS 18_6 like Mac OS X) AppleWebKit/605.1.15 (KHTML, like Gecko) Version/18.6 Mobile/15E148 Safari/604.1', '2025-08-16 02:12:24', 'red_9f3a7c2e5b10'),
(55, 2, 'RECORD_ATTENDANCE', NULL, NULL, 'attendance_sessions', NULL, NULL, '{\"attendanceRecords\":[{\"individualId\":2,\"present\":true},{\"individualId\":3,\"present\":true},{\"individualId\":4,\"present\":true},{\"individualId\":5,\"present\":true},{\"individualId\":1,\"present\":true}],\"visitors\":[],\"serviceName\":\"Sunday Service\",\"serviceDate\":\"2025-08-17\",\"actionCount\":8,\"firstAction\":\"2025-08-16T07:34:16.628Z\",\"latestUpdate\":\"2025-08-16T07:34:21.985Z\"}', '172.18.0.7', 'Mozilla/5.0 (iPhone; CPU iPhone OS 18_6 like Mac OS X) AppleWebKit/605.1.15 (KHTML, like Gecko) Version/18.6 Mobile/15E148 Safari/604.1', '2025-08-16 07:34:21', 'red_9f3a7c2e5b10'),
(56, 2, 'RECORD_ATTENDANCE', NULL, NULL, 'attendance_sessions', NULL, NULL, '{\"attendanceRecords\":[{\"individualId\":2,\"present\":true}],\"visitors\":[],\"serviceName\":\"Sunday Service\",\"serviceDate\":\"2025-08-17\",\"actionCount\":2,\"firstAction\":\"2025-08-16T23:35:29.532Z\",\"latestUpdate\":\"2025-08-16T23:35:32.183Z\"}', '172.18.0.7', 'Mozilla/5.0 (iPhone; CPU iPhone OS 18_6 like Mac OS X) AppleWebKit/605.1.15 (KHTML, like Gecko) Version/18.6 Mobile/15E148 Safari/604.1', '2025-08-16 23:35:32', 'red_9f3a7c2e5b10'),
(57, 2, 'RECORD_ATTENDANCE', NULL, NULL, 'attendance_sessions', NULL, NULL, '{\"attendanceRecords\":[{\"individualId\":8,\"present\":true}],\"visitors\":[],\"serviceName\":\"Sunday Service\",\"serviceDate\":\"2025-08-17\",\"actionCount\":6,\"firstAction\":\"2025-08-16T23:44:01.421Z\",\"latestUpdate\":\"2025-08-16T23:44:19.141Z\"}', '172.18.0.7', 'Mozilla/5.0 (iPhone; CPU iPhone OS 18_6 like Mac OS X) AppleWebKit/605.1.15 (KHTML, like Gecko) Version/18.6 Mobile/15E148 Safari/604.1', '2025-08-16 23:44:19', 'red_9f3a7c2e5b10'),
(58, 2, 'RECORD_ATTENDANCE', NULL, NULL, 'attendance_sessions', NULL, NULL, '{\"attendanceRecords\":[{\"individualId\":25,\"present\":true}],\"visitors\":[],\"serviceName\":\"Sunday Service\",\"serviceDate\":\"2025-08-17\",\"actionCount\":14,\"firstAction\":\"2025-08-17T00:21:18.165Z\",\"latestUpdate\":\"2025-08-17T00:23:26.705Z\"}', '172.18.0.7', 'Mozilla/5.0 (Macintosh; Intel Mac OS X 10_15_7) AppleWebKit/605.1.15 (KHTML, like Gecko) Version/18.5 Safari/605.1.15', '2025-08-17 00:23:26', 'red_9f3a7c2e5b10'),
(59, 2, 'CREATE_VISITOR_FAMILY', NULL, NULL, 'attendance_sessions', NULL, NULL, '{\"familyName\":\"PH, Guest1 and Guest2\",\"peopleType\":\"traveller_visitor\",\"people\":[{\"firstName\":\"Guest1\",\"lastName\":\"PH\",\"firstUnknown\":false,\"lastUnknown\":false,\"isChild\":false},{\"firstName\":\"Guest2\",\"lastName\":\"PH\",\"firstUnknown\":false,\"lastUnknown\":false,\"isChild\":false}],\"serviceName\":null,\"serviceDate\":null,\"actionCount\":2,\"firstAction\":\"2025-08-17T00:24:35.711Z\",\"latestUpdate\":\"2025-08-17T00:28:16.810Z\"}', '172.18.0.7', 'Mozilla/5.0 (Macintosh; Intel Mac OS X 10_15_7) AppleWebKit/605.1.15 (KHTML, like Gecko) Version/18.5 Safari/605.1.15', '2025-08-17 00:28:16', 'red_9f3a7c2e5b10'),
(60, 2, 'ADD_VISITOR_FAMILY_TO_SERVICE', NULL, NULL, 'attendance_sessions', NULL, NULL, '{\"serviceName\":\"Sunday Service\",\"serviceDate\":\"2025-08-17\",\"actionCount\":2,\"firstAction\":\"2025-08-17T00:24:35.791Z\",\"latestUpdate\":\"2025-08-17T00:28:16.892Z\"}', '172.18.0.7', 'Mozilla/5.0 (Macintosh; Intel Mac OS X 10_15_7) AppleWebKit/605.1.15 (KHTML, like Gecko) Version/18.5 Safari/605.1.15', '2025-08-17 00:28:16', 'red_9f3a7c2e5b10'),
(61, 2, 'RECORD_ATTENDANCE', NULL, NULL, 'attendance_sessions', NULL, NULL, '{\"attendanceRecords\":[{\"individualId\":21,\"present\":false}],\"visitors\":[],\"serviceName\":\"Sunday Service\",\"serviceDate\":\"2025-08-17\",\"actionCount\":7,\"firstAction\":\"2025-08-17T10:31:02.804Z\",\"latestUpdate\":\"2025-08-17T10:32:43.516Z\"}', '172.18.0.7', 'Mozilla/5.0 (iPhone; CPU iPhone OS 18_6 like Mac OS X) AppleWebKit/605.1.15 (KHTML, like Gecko) Version/18.6 Mobile/15E148 Safari/604.1', '2025-08-17 10:32:43', 'red_9f3a7c2e5b10'),
(62, 2, 'RECORD_ATTENDANCE', NULL, NULL, 'attendance_sessions', NULL, NULL, '{\"attendanceRecords\":[{\"individualId\":12,\"present\":true}],\"visitors\":[],\"serviceName\":\"Sunday Service\",\"serviceDate\":\"2025-08-17\",\"actionCount\":3,\"firstAction\":\"2025-08-18T04:08:45.521Z\",\"latestUpdate\":\"2025-08-18T04:10:42.171Z\"}', '172.18.0.7', 'Mozilla/5.0 (Macintosh; Intel Mac OS X 10_15_7) AppleWebKit/537.36 (KHTML, like Gecko) Chrome/139.0.0.0 Safari/537.36', '2025-08-18 04:10:42', 'red_9f3a7c2e5b10'),
(63, 2, 'DELETE_INDIVIDUAL', NULL, NULL, 'attendance_sessions', 148, NULL, '{\"serviceName\":null,\"serviceDate\":null,\"actionCount\":2,\"firstAction\":\"2025-08-18T04:11:49.138Z\",\"latestUpdate\":\"2025-08-18T04:11:56.797Z\"}', '172.18.0.7', 'Mozilla/5.0 (Macintosh; Intel Mac OS X 10_15_7) AppleWebKit/537.36 (KHTML, like Gecko) Chrome/139.0.0.0 Safari/537.36', '2025-08-18 04:11:56', 'red_9f3a7c2e5b10'),
(64, 2, 'UPDATE_INDIVIDUAL', NULL, NULL, 'attendance_sessions', 152, NULL, '{\"firstName\":\"David\",\"lastName\":\"PH\",\"peopleType\":\"local_visitor\",\"serviceName\":null,\"serviceDate\":null,\"actionCount\":2,\"firstAction\":\"2025-08-18T04:12:35.474Z\",\"latestUpdate\":\"2025-08-18T04:12:35.492Z\"}', '172.18.0.7', 'Mozilla/5.0 (Macintosh; Intel Mac OS X 10_15_7) AppleWebKit/537.36 (KHTML, like Gecko) Chrome/139.0.0.0 Safari/537.36', '2025-08-18 04:12:35', 'red_9f3a7c2e5b10'),
(65, 2, 'ASSIGN_INDIVIDUAL_TO_GATHERING', NULL, NULL, 'attendance_sessions', NULL, NULL, '{\"serviceName\":null,\"serviceDate\":null,\"actionCount\":2,\"firstAction\":\"2025-08-20T20:36:19.724Z\",\"latestUpdate\":\"2025-08-20T20:36:19.780Z\"}', '172.18.0.6', 'Mozilla/5.0 (Macintosh; Intel Mac OS X 10_15_7) AppleWebKit/537.36 (KHTML, like Gecko) Chrome/139.0.0.0 Safari/537.36', '2025-08-20 20:36:19', 'red_9f3a7c2e5b10'),
(66, 2, 'DEDUPLICATE_INDIVIDUALS', NULL, NULL, 'attendance_sessions', NULL, NULL, '{\"keepId\":106,\"deleteIds\":[110],\"mergeAssignments\":true,\"serviceName\":null,\"serviceDate\":null,\"actionCount\":4,\"firstAction\":\"2025-08-20T20:36:39.039Z\",\"latestUpdate\":\"2025-08-20T20:37:38.652Z\"}', '172.18.0.6', 'Mozilla/5.0 (Macintosh; Intel Mac OS X 10_15_7) AppleWebKit/537.36 (KHTML, like Gecko) Chrome/139.0.0.0 Safari/537.36', '2025-08-20 20:37:38', 'red_9f3a7c2e5b10'),
(67, 2, 'UPDATE_INDIVIDUAL', NULL, NULL, 'attendance_sessions', 152, NULL, '{\"firstName\":\"Rielle\",\"lastName\":\"Guest\",\"familyId\":62,\"serviceName\":null,\"serviceDate\":null,\"actionCount\":7,\"firstAction\":\"2025-08-20T20:37:21.374Z\",\"latestUpdate\":\"2025-08-20T20:40:13.154Z\"}', '172.18.0.6', 'Mozilla/5.0 (Macintosh; Intel Mac OS X 10_15_7) AppleWebKit/537.36 (KHTML, like Gecko) Chrome/139.0.0.0 Safari/537.36', '2025-08-20 20:40:13', 'red_9f3a7c2e5b10'),
(68, 2, 'CREATE_FAMILY', NULL, NULL, 'attendance_sessions', 64, NULL, '{\"familyName\":\"LocalGuests\",\"serviceName\":null,\"serviceDate\":null,\"actionCount\":1,\"firstAction\":\"2025-08-20T20:38:22.325Z\"}', '172.18.0.6', 'Mozilla/5.0 (Macintosh; Intel Mac OS X 10_15_7) AppleWebKit/537.36 (KHTML, like Gecko) Chrome/139.0.0.0 Safari/537.36', '2025-08-20 20:38:22', 'red_9f3a7c2e5b10'),
(69, 2, 'UPDATE_FAMILY', NULL, NULL, 'attendance_sessions', 64, NULL, '{\"familyName\":\"LocalGuests, David and Evelyn\",\"familyType\":\"local_visitor\",\"serviceName\":null,\"serviceDate\":null,\"actionCount\":1,\"firstAction\":\"2025-08-20T20:39:38.921Z\"}', '172.18.0.6', 'Mozilla/5.0 (Macintosh; Intel Mac OS X 10_15_7) AppleWebKit/537.36 (KHTML, like Gecko) Chrome/139.0.0.0 Safari/537.36', '2025-08-20 20:39:38', 'red_9f3a7c2e5b10'),
(70, 2, 'RECORD_ATTENDANCE', NULL, NULL, 'attendance_sessions', NULL, NULL, '{\"attendanceRecords\":[{\"individualId\":151,\"present\":true}],\"visitors\":[],\"serviceName\":\"Sunday Service\",\"serviceDate\":\"2025-08-17\",\"actionCount\":3,\"firstAction\":\"2025-08-20T20:40:24.572Z\",\"latestUpdate\":\"2025-08-20T20:40:27.415Z\"}', '172.18.0.6', 'Mozilla/5.0 (Macintosh; Intel Mac OS X 10_15_7) AppleWebKit/537.36 (KHTML, like Gecko) Chrome/139.0.0.0 Safari/537.36', '2025-08-20 20:40:27', 'red_9f3a7c2e5b10'),
(71, 2, 'RECORD_ATTENDANCE', NULL, NULL, 'attendance_sessions', NULL, NULL, '{\"attendanceRecords\":[{\"individualId\":11,\"present\":true}],\"visitors\":[],\"serviceName\":\"Youth Group\",\"serviceDate\":\"2025-08-24\",\"actionCount\":11,\"firstAction\":\"2025-08-21T20:21:08.619Z\",\"latestUpdate\":\"2025-08-21T20:22:19.639Z\"}', '172.18.0.6', 'Mozilla/5.0 (Macintosh; Intel Mac OS X 10_15_7) AppleWebKit/537.36 (KHTML, like Gecko) Chrome/139.0.0.0 Safari/537.36', '2025-08-21 20:22:19', 'red_9f3a7c2e5b10'),
(72, 2, 'RECORD_ATTENDANCE', NULL, NULL, 'attendance_sessions', NULL, NULL, '{\"attendanceRecords\":[{\"individualId\":11,\"present\":true}],\"visitors\":[],\"serviceName\":\"Youth Group\",\"serviceDate\":\"2025-08-24\",\"actionCount\":2,\"firstAction\":\"2025-08-21T20:51:04.262Z\",\"latestUpdate\":\"2025-08-21T20:51:13.488Z\"}', '172.18.0.6', 'Mozilla/5.0 (Macintosh; Intel Mac OS X 10_15_7) AppleWebKit/537.36 (KHTML, like Gecko) Chrome/139.0.0.0 Safari/537.36', '2025-08-21 20:51:13', 'red_9f3a7c2e5b10'),
(73, 2, 'RECORD_ATTENDANCE', NULL, NULL, 'attendance_sessions', NULL, NULL, '{\"attendanceRecords\":[{\"individualId\":8,\"present\":false},{\"individualId\":9,\"present\":false},{\"individualId\":10,\"present\":false},{\"individualId\":7,\"present\":false},{\"individualId\":11,\"present\":false},{\"individualId\":12,\"present\":false}],\"visitors\":[],\"serviceName\":\"Sunday Service\",\"serviceDate\":\"2025-08-24\",\"actionCount\":18,\"firstAction\":\"2025-08-22T05:49:19.113Z\",\"latestUpdate\":\"2025-08-22T05:49:43.682Z\"}', '172.18.0.6', 'Mozilla/5.0 (Macintosh; Intel Mac OS X 10_15_7) AppleWebKit/537.36 (KHTML, like Gecko) Chrome/139.0.0.0 Safari/537.36', '2025-08-22 05:49:43', 'red_9f3a7c2e5b10'),
(74, 2, 'SEND_INVITATION', NULL, NULL, 'attendance_sessions', NULL, NULL, '{\"firstName\":\"Dave\",\"lastName\":\"Smith\",\"email\":\"web@leemail.com.au\",\"mobileNumber\":\"\",\"primaryContactMethod\":\"email\",\"role\":\"attendance_taker\",\"gatheringIds\":[1],\"serviceName\":null,\"serviceDate\":null,\"actionCount\":1,\"firstAction\":\"2025-08-22T05:53:57.154Z\"}', '172.18.0.6', 'Mozilla/5.0 (Macintosh; Intel Mac OS X 10_15_7) AppleWebKit/537.36 (KHTML, like Gecko) Chrome/139.0.0.0 Safari/537.36', '2025-08-22 05:53:57', 'red_9f3a7c2e5b10'),
(75, 2, 'SEND_INVITATION', NULL, NULL, 'attendance_sessions', NULL, NULL, '{\"firstName\":\"Jack\",\"lastName\":\"Black\",\"email\":\"web@leemail.com.au\",\"mobileNumber\":\"\",\"primaryContactMethod\":\"email\",\"role\":\"attendance_taker\",\"gatheringIds\":[1],\"serviceName\":null,\"serviceDate\":null,\"actionCount\":1,\"firstAction\":\"2025-08-22T06:01:02.773Z\"}', '172.18.0.6', 'Mozilla/5.0 (Macintosh; Intel Mac OS X 10_15_7) AppleWebKit/537.36 (KHTML, like Gecko) Chrome/139.0.0.0 Safari/537.36', '2025-08-22 06:01:02', 'red_9f3a7c2e5b10'),
(76, 2, 'RECORD_ATTENDANCE', NULL, NULL, 'attendance_sessions', NULL, NULL, '{\"attendanceRecords\":[{\"individualId\":27,\"present\":true}],\"visitors\":[],\"serviceName\":\"Sunday Service\",\"serviceDate\":\"2025-08-24\",\"actionCount\":14,\"firstAction\":\"2025-08-22T06:01:52.371Z\",\"latestUpdate\":\"2025-08-22T06:03:29.685Z\"}', '172.18.0.6', 'Mozilla/5.0 (iPhone; CPU iPhone OS 18_6 like Mac OS X) AppleWebKit/605.1.15 (KHTML, like Gecko) Version/18.6 Mobile/15E148 Safari/604.1', '2025-08-22 06:03:29', 'red_9f3a7c2e5b10'),
(77, 11, 'RECORD_ATTENDANCE', NULL, NULL, 'attendance_sessions', NULL, NULL, '{\"attendanceRecords\":[{\"individualId\":2,\"present\":true}],\"visitors\":[],\"serviceName\":\"Sunday Service\",\"serviceDate\":\"2025-08-24\",\"actionCount\":3,\"firstAction\":\"2025-08-22T06:02:12.066Z\",\"latestUpdate\":\"2025-08-22T06:02:39.070Z\"}', '172.18.0.6', 'Mozilla/5.0 (Macintosh; Intel Mac OS X 10_15_7) AppleWebKit/537.36 (KHTML, like Gecko) Chrome/139.0.0.0 Safari/537.36', '2025-08-22 06:02:39', 'red_9f3a7c2e5b10'),
(78, 2, 'RECORD_ATTENDANCE', NULL, NULL, 'attendance_sessions', NULL, NULL, '{\"attendanceRecords\":[{\"individualId\":2,\"present\":false},{\"individualId\":3,\"present\":false},{\"individualId\":4,\"present\":false},{\"individualId\":5,\"present\":false},{\"individualId\":1,\"present\":false}],\"visitors\":[],\"serviceName\":\"Sunday Service\",\"serviceDate\":\"2025-08-24\",\"actionCount\":1,\"firstAction\":\"2025-08-22T06:17:00.334Z\"}', '172.18.0.6', 'Mozilla/5.0 (iPhone; CPU iPhone OS 18_6 like Mac OS X) AppleWebKit/605.1.15 (KHTML, like Gecko) Version/18.6 Mobile/15E148 Safari/604.1', '2025-08-22 06:17:00', 'red_9f3a7c2e5b10'),
(79, 11, 'RECORD_ATTENDANCE', NULL, NULL, 'attendance_sessions', NULL, NULL, '{\"attendanceRecords\":[{\"individualId\":2,\"present\":true}],\"visitors\":[],\"serviceName\":\"Sunday Service\",\"serviceDate\":\"2025-08-24\",\"actionCount\":2,\"firstAction\":\"2025-08-22T07:12:01.348Z\",\"latestUpdate\":\"2025-08-22T07:12:02.184Z\"}', '172.18.0.6', 'Mozilla/5.0 (iPhone; CPU iPhone OS 16_6 like Mac OS X) AppleWebKit/605.1.15 (KHTML, like Gecko) Version/16.6 Mobile/15E148 Safari/604.1', '2025-08-22 07:12:02', 'red_9f3a7c2e5b10'),
(80, 2, 'RECORD_ATTENDANCE', NULL, NULL, 'attendance_sessions', NULL, NULL, '{\"attendanceRecords\":[{\"individualId\":2,\"present\":true}],\"visitors\":[],\"serviceName\":\"Sunday Service\",\"serviceDate\":\"2025-08-24\",\"actionCount\":2,\"firstAction\":\"2025-08-22T21:35:11.508Z\",\"latestUpdate\":\"2025-08-22T21:35:17.821Z\"}', '172.18.0.6', 'Mozilla/5.0 (iPhone; CPU iPhone OS 18_6 like Mac OS X) AppleWebKit/605.1.15 (KHTML, like Gecko) Version/18.6 Mobile/15E148 Safari/604.1', '2025-08-22 21:35:17', 'red_9f3a7c2e5b10'),
(81, 2, 'RECORD_ATTENDANCE', NULL, NULL, 'attendance_sessions', NULL, NULL, '{\"attendanceRecords\":[{\"individualId\":3,\"present\":true}],\"visitors\":[],\"serviceName\":\"Sunday Service\",\"serviceDate\":\"2025-08-24\",\"actionCount\":2,\"firstAction\":\"2025-08-23T21:55:52.779Z\",\"latestUpdate\":\"2025-08-23T21:55:59.415Z\"}', '172.18.0.6', 'Mozilla/5.0 (iPhone; CPU iPhone OS 18_6 like Mac OS X) AppleWebKit/605.1.15 (KHTML, like Gecko) Version/18.6 Mobile/15E148 Safari/604.1', '2025-08-23 21:55:59', 'red_9f3a7c2e5b10'),
(82, 7, 'RECORD_ATTENDANCE', NULL, NULL, 'attendance_sessions', NULL, NULL, '{\"attendanceRecords\":[{\"individualId\":8,\"present\":true},{\"individualId\":9,\"present\":true},{\"individualId\":10,\"present\":true},{\"individualId\":7,\"present\":true},{\"individualId\":11,\"present\":true},{\"individualId\":12,\"present\":true}],\"visitors\":[],\"serviceName\":\"Sunday Service\",\"serviceDate\":\"2025-08-24\",\"actionCount\":17,\"firstAction\":\"2025-08-24T00:48:42.796Z\",\"latestUpdate\":\"2025-08-24T00:54:11.130Z\"}', '172.18.0.6', 'Mozilla/5.0 (Linux; Android 10; K) AppleWebKit/537.36 (KHTML, like Gecko) Chrome/139.0.0.0 Mobile Safari/537.36', '2025-08-24 00:54:11', 'red_9f3a7c2e5b10'),
(83, 7, 'CREATE_VISITOR_FAMILY', NULL, NULL, 'attendance_sessions', NULL, NULL, '{\"familyName\":\"Anderton, Owen and Helen\",\"peopleType\":\"local_visitor\",\"people\":[{\"firstName\":\"Owen\",\"lastName\":\"Anderton\",\"firstUnknown\":false,\"lastUnknown\":false,\"isChild\":false},{\"firstName\":\"Helen\",\"lastName\":\"Anderton\",\"firstUnknown\":false,\"lastUnknown\":false,\"isChild\":false},{\"firstName\":\"Dave\",\"lastName\":\"Unknown\",\"firstUnknown\":false,\"lastUnknown\":true,\"isChild\":false}],\"serviceName\":null,\"serviceDate\":null,\"actionCount\":3,\"firstAction\":\"2025-08-24T00:51:31.723Z\",\"latestUpdate\":\"2025-08-24T00:53:40.846Z\"}', '172.18.0.6', 'Mozilla/5.0 (Linux; Android 10; K) AppleWebKit/537.36 (KHTML, like Gecko) Chrome/139.0.0.0 Mobile Safari/537.36', '2025-08-24 00:53:40', 'red_9f3a7c2e5b10'),
(84, 7, 'ADD_VISITOR_FAMILY_TO_SERVICE', NULL, NULL, 'attendance_sessions', NULL, NULL, '{\"serviceName\":\"Sunday Service\",\"serviceDate\":\"2025-08-24\",\"actionCount\":3,\"firstAction\":\"2025-08-24T00:51:31.803Z\",\"latestUpdate\":\"2025-08-24T00:53:40.922Z\"}', '172.18.0.6', 'Mozilla/5.0 (Linux; Android 10; K) AppleWebKit/537.36 (KHTML, like Gecko) Chrome/139.0.0.0 Mobile Safari/537.36', '2025-08-24 00:53:40', 'red_9f3a7c2e5b10'),
(85, 2, 'RECORD_ATTENDANCE', NULL, NULL, 'attendance_sessions', NULL, NULL, '{\"attendanceRecords\":[{\"individualId\":2,\"present\":true}],\"visitors\":[],\"serviceName\":\"Sunday Service\",\"serviceDate\":\"2025-08-24\",\"actionCount\":6,\"firstAction\":\"2025-08-24T06:15:01.598Z\",\"latestUpdate\":\"2025-08-24T06:15:05.735Z\"}', '172.18.0.6', 'Mozilla/5.0 (iPhone; CPU iPhone OS 18_6 like Mac OS X) AppleWebKit/605.1.15 (KHTML, like Gecko) Version/18.6 Mobile/15E148 Safari/604.1', '2025-08-24 06:15:05', 'red_9f3a7c2e5b10'),
(86, 2, 'RECORD_ATTENDANCE', NULL, NULL, 'attendance_sessions', NULL, NULL, '{\"attendanceRecords\":[{\"individualId\":11,\"present\":true}],\"visitors\":[],\"serviceName\":\"Youth Group\",\"serviceDate\":\"2025-08-24\",\"actionCount\":11,\"firstAction\":\"2025-08-25T01:02:11.334Z\",\"latestUpdate\":\"2025-08-25T01:02:19.557Z\"}', '172.18.0.6', 'Mozilla/5.0 (iPhone; CPU iPhone OS 18_6 like Mac OS X) AppleWebKit/605.1.15 (KHTML, like Gecko) Version/18.6 Mobile/15E148 Safari/604.1', '2025-08-25 01:02:19', 'red_9f3a7c2e5b10'),
(87, 2, 'RECORD_ATTENDANCE', NULL, NULL, 'attendance_sessions', NULL, NULL, '{\"attendanceRecords\":[{\"individualId\":56,\"present\":true}],\"visitors\":[],\"serviceName\":\"Sunday Service\",\"serviceDate\":\"2025-08-24\",\"actionCount\":1,\"firstAction\":\"2025-08-29T00:31:05.125Z\"}', '172.18.0.6', 'Mozilla/5.0 (iPhone; CPU iPhone OS 18_6 like Mac OS X) AppleWebKit/605.1.15 (KHTML, like Gecko) Version/18.6 Mobile/15E148 Safari/604.1', '2025-08-29 00:31:05', 'red_9f3a7c2e5b10'),
(88, 2, 'UPDATE_FAMILY', NULL, NULL, 'attendance_sessions', 26, NULL, '{\"familyName\":\"JARVELA, Reuben and Abi\",\"familyType\":\"traveller_visitor\",\"serviceName\":null,\"serviceDate\":null,\"actionCount\":1,\"firstAction\":\"2025-08-29T01:31:16.937Z\"}', '172.18.0.6', 'Mozilla/5.0 (iPhone; CPU iPhone OS 18_6 like Mac OS X) AppleWebKit/605.1.15 (KHTML, like Gecko) Version/18.6 Mobile/15E148 Safari/604.1', '2025-08-29 01:31:16', 'red_9f3a7c2e5b10'),
(89, 2, 'UPDATE_INDIVIDUAL', NULL, NULL, 'attendance_sessions', 102, NULL, '{\"firstName\":\"Abi\",\"lastName\":\"Jarvela\",\"familyId\":26,\"peopleType\":\"traveller_visitor\",\"serviceName\":null,\"serviceDate\":null,\"actionCount\":2,\"firstAction\":\"2025-08-29T01:31:17.009Z\",\"latestUpdate\":\"2025-08-29T01:31:17.079Z\"}', '172.18.0.6', 'Mozilla/5.0 (iPhone; CPU iPhone OS 18_6 like Mac OS X) AppleWebKit/605.1.15 (KHTML, like Gecko) Version/18.6 Mobile/15E148 Safari/604.1', '2025-08-29 01:31:17', 'red_9f3a7c2e5b10');

-- --------------------------------------------------------

--
-- Table structure for table `church_settings`
--

CREATE TABLE `church_settings` (
  `id` int(11) NOT NULL,
  `church_id` varchar(36) NOT NULL,
  `church_name` varchar(255) NOT NULL,
  `country_code` varchar(2) DEFAULT 'AU',
  `timezone` varchar(100) DEFAULT 'Australia/Sydney',
  `default_gathering_duration` int(11) DEFAULT 90,
  `onboarding_completed` tinyint(1) DEFAULT 0,
  `brevo_api_key` varchar(255) DEFAULT NULL,
  `email_from_name` varchar(255) DEFAULT 'Let My People Grow',
  `email_from_address` varchar(255) DEFAULT 'noreply@redeemercc.org.au',
  `created_at` timestamp NOT NULL DEFAULT current_timestamp(),
  `updated_at` timestamp NOT NULL DEFAULT current_timestamp() ON UPDATE current_timestamp()
) ENGINE=InnoDB DEFAULT CHARSET=utf8mb4 COLLATE=utf8mb4_general_ci;

--
-- Dumping data for table `church_settings`
--

INSERT INTO `church_settings` (`id`, `church_id`, `church_name`, `country_code`, `timezone`, `default_gathering_duration`, `onboarding_completed`, `brevo_api_key`, `email_from_name`, `email_from_address`, `created_at`, `updated_at`) VALUES
(1, 'red_9f3a7c2e5b10', 'Redeemer Christian Church', 'AU', 'Australia/Sydney', 90, 1, NULL, 'Let My People Grow', 'noreply@letmypeoplegrow.org', '2025-07-26 00:08:02', '2025-08-13 03:14:20');

-- --------------------------------------------------------

--
-- Table structure for table `families`
--

CREATE TABLE `families` (
  `id` int(11) NOT NULL,
  `family_name` varchar(255) NOT NULL,
  `family_notes` text DEFAULT NULL,
  `family_identifier` varchar(100) DEFAULT NULL,
  `family_type` varchar(20) DEFAULT 'regular',
  `last_attended` date DEFAULT NULL,
  `created_by` int(11) DEFAULT NULL,
  `created_at` timestamp NOT NULL DEFAULT current_timestamp(),
  `updated_at` timestamp NOT NULL DEFAULT current_timestamp() ON UPDATE current_timestamp(),
  `church_id` varchar(36) NOT NULL
) ENGINE=InnoDB DEFAULT CHARSET=utf8mb4 COLLATE=utf8mb4_general_ci;

--
-- Dumping data for table `families`
--

INSERT INTO `families` (`id`, `family_name`, `family_notes`, `family_identifier`, `family_type`, `last_attended`, `created_by`, `created_at`, `updated_at`, `church_id`) VALUES
(1, 'ADLER, Richard and Glenda', NULL, 'ADLER, Richard and Glenda', 'regular', '2025-05-25', 2, '2025-07-26 00:08:16', '2025-08-13 03:14:20', 'red_9f3a7c2e5b10'),
(2, 'GILDER, Luke', NULL, 'GILDER, Luke', 'regular', NULL, 2, '2025-07-26 00:08:16', '2025-08-13 03:14:20', 'red_9f3a7c2e5b10'),
(3, 'ANDERTON, Reid and Chan', NULL, 'ANDERTON, Reid and Chan', 'regular', '2025-08-24', 2, '2025-07-26 00:08:16', '2025-08-13 03:14:20', 'red_9f3a7c2e5b10'),
(4, 'BAEHR, Peirce and Christina', NULL, 'BAEHR, Peirce and Christina', 'regular', '2025-08-24', 2, '2025-07-26 00:08:16', '2025-08-13 03:14:20', 'red_9f3a7c2e5b10'),
(5, 'BINSTEAD, George and Glenys', NULL, 'BINSTEAD, George and Glenys', 'regular', '2025-08-24', 2, '2025-07-26 00:08:16', '2025-08-13 03:14:20', 'red_9f3a7c2e5b10'),
(6, 'BINSTEAD, Wendy', NULL, 'BINSTEAD, Wendy', 'regular', '2025-07-27', 2, '2025-07-26 00:08:16', '2025-08-13 03:14:20', 'red_9f3a7c2e5b10'),
(7, 'BOONSTRA, Mark and Kelly', NULL, 'BOONSTRA, Mark and Kelly', 'regular', '2025-08-24', 2, '2025-07-26 00:08:16', '2025-08-13 03:14:20', 'red_9f3a7c2e5b10'),
(8, 'BRANSON, Judy', NULL, 'BRANSON, Judy', 'regular', '2025-08-24', 2, '2025-07-26 00:08:16', '2025-08-13 03:14:20', 'red_9f3a7c2e5b10'),
(9, 'CARTER, Andrew', NULL, 'CARTER, Andrew', 'regular', NULL, 2, '2025-07-26 00:08:16', '2025-08-13 03:14:20', 'red_9f3a7c2e5b10'),
(10, 'STOCKER, Joel and Katie', NULL, 'STOCKER, Joel and Katie', 'regular', '2025-08-24', 2, '2025-07-26 00:08:16', '2025-08-13 03:14:20', 'red_9f3a7c2e5b10'),
(11, 'DAVIS, Mick', NULL, 'DAVIS, Mick', 'regular', '2025-07-27', 2, '2025-07-26 00:08:16', '2025-08-13 03:14:20', 'red_9f3a7c2e5b10'),
(12, 'FRANCOMB, Dave and Mel', NULL, 'FRANCOMB, Dave and Mel', 'regular', '2025-07-27', 2, '2025-07-26 00:08:16', '2025-08-13 03:14:20', 'red_9f3a7c2e5b10'),
(13, 'HADFIELD, Rob and Naomi', NULL, 'HADFIELD, Rob and Naomi', 'regular', '2025-08-24', 2, '2025-07-26 00:08:16', '2025-08-13 03:14:20', 'red_9f3a7c2e5b10'),
(14, 'HOLYHEAD, Ian', NULL, 'HOLYHEAD, Ian', 'regular', '2025-08-24', 2, '2025-07-26 00:08:16', '2025-08-13 03:14:20', 'red_9f3a7c2e5b10'),
(15, 'JARVELA, Jordan and Amber', NULL, 'JARVELA, Jordan and Amber', 'regular', '2025-08-24', 2, '2025-07-26 00:08:16', '2025-08-13 03:14:20', 'red_9f3a7c2e5b10'),
(16, 'JARVELA, Jon and Iris', NULL, 'JARVELA, Jon and Iris', 'regular', '2025-08-24', 2, '2025-07-26 00:08:16', '2025-08-13 03:14:20', 'red_9f3a7c2e5b10'),
(17, 'KOSACH, Ben and Jasmine', NULL, 'KOSACH, Ben and Jasmine', 'regular', '2025-08-24', 2, '2025-07-26 00:08:16', '2025-08-13 03:14:20', 'red_9f3a7c2e5b10'),
(18, 'LEE, Isaac and Shelley', NULL, 'LEE, Isaac and Shelley', 'regular', '2025-08-24', 2, '2025-07-26 00:08:16', '2025-08-13 03:14:20', 'red_9f3a7c2e5b10'),
(19, 'MACKIE, Chris and Naomi', NULL, 'MACKIE, Chris and Naomi', 'regular', NULL, 2, '2025-07-26 00:08:16', '2025-08-13 03:14:20', 'red_9f3a7c2e5b10'),
(20, 'MCCONNELL, Warwick and Vanessa', NULL, 'MCCONNELL, Warwick and Vanessa', 'regular', '2025-08-24', 2, '2025-07-26 00:08:16', '2025-08-13 03:14:20', 'red_9f3a7c2e5b10'),
(21, 'RILEY, Tim and Biana', NULL, 'RILEY, Tim and Biana', 'regular', NULL, 2, '2025-07-26 00:08:16', '2025-08-13 03:14:20', 'red_9f3a7c2e5b10'),
(22, 'TIERNEY, Ray and Laura', NULL, 'TIERNEY, Ray and Laura', 'regular', NULL, 2, '2025-07-26 00:08:16', '2025-08-13 03:14:20', 'red_9f3a7c2e5b10'),
(23, 'WATSON, Daniel and Anna', NULL, 'WATSON, Daniel and Anna', 'regular', NULL, 2, '2025-07-26 00:08:16', '2025-08-13 03:14:20', 'red_9f3a7c2e5b10'),
(24, 'WITHERS, Josh and Britt', NULL, 'WITHERS, Josh and Britt', 'regular', '2025-05-25', 2, '2025-07-26 00:08:16', '2025-08-13 03:14:20', 'red_9f3a7c2e5b10'),
(25, 'JARVELA, Tommi and Olivia', NULL, NULL, 'regular', NULL, 2, '2025-07-27 04:14:52', '2025-08-13 03:14:20', 'red_9f3a7c2e5b10'),
(26, 'JARVELA, Reuben and Abi', NULL, NULL, 'traveller_visitor', '2025-08-24', NULL, '2025-07-27 04:25:21', '2025-08-29 01:31:16', 'red_9f3a7c2e5b10'),
(27, 'REARDON and KAYE', NULL, NULL, 'local_visitor', '2025-07-27', 7, '2025-07-27 04:52:07', '2025-08-13 03:47:51', 'red_9f3a7c2e5b10'),
(28, 'JARVELA, Tommi & Olivia & Flynn', NULL, NULL, 'regular', NULL, NULL, '2025-07-27 21:36:36', '2025-08-13 03:14:20', 'red_9f3a7c2e5b10'),
(29, 'REARDON, Chloe & Finn', NULL, NULL, 'regular', NULL, NULL, '2025-07-27 21:53:22', '2025-08-13 03:14:20', 'red_9f3a7c2e5b10'),
(30, 'JARVELA, Tommi & Olivia & Flynn', NULL, NULL, 'regular', NULL, NULL, '2025-07-27 21:53:40', '2025-08-13 03:14:20', 'red_9f3a7c2e5b10'),
(31, 'REARDON, Chloe & Finn', NULL, NULL, 'local_visitor', NULL, NULL, '2025-07-27 21:56:58', '2025-08-13 03:45:47', 'red_9f3a7c2e5b10'),
(32, 'Iewoo Unknown Family', NULL, NULL, 'local_visitor', NULL, 2, '2025-07-27 22:08:01', '2025-08-13 03:45:47', 'red_9f3a7c2e5b10'),
(33, 'Ilwoo Unknown Family', NULL, NULL, 'local_visitor', NULL, 2, '2025-07-28 21:21:38', '2025-08-13 03:45:47', 'red_9f3a7c2e5b10'),
(34, 'Tommi Jarvela Family', NULL, NULL, 'regular', NULL, 2, '2025-07-28 21:22:20', '2025-08-13 03:14:20', 'red_9f3a7c2e5b10'),
(35, 'Reuben Jarvela Family', NULL, NULL, 'local_visitor', NULL, 2, '2025-07-28 21:22:49', '2025-08-13 03:45:47', 'red_9f3a7c2e5b10'),
(36, 'JARVELA, Flynn & Olivia & Tommi', NULL, NULL, 'traveller_visitor', '2025-07-27', 2, '2025-07-29 07:30:32', '2025-08-13 03:49:04', 'red_9f3a7c2e5b10'),
(37, 'REARDON, Chloe and SURNAME, Fin', NULL, '', 'regular', NULL, 2, '2025-08-02 05:04:23', '2025-08-13 03:14:20', 'red_9f3a7c2e5b10'),
(38, '\"Chloe and Fin', NULL, '\"Chloe and Fin', 'regular', NULL, 2, '2025-08-02 05:07:26', '2025-08-13 03:14:20', 'red_9f3a7c2e5b10'),
(39, 'Kay Unknown Family', NULL, NULL, 'traveller_visitor', '2025-08-03', 2, '2025-08-02 23:56:08', '2025-08-13 03:48:55', 'red_9f3a7c2e5b10'),
(40, 'Victorian man Unknown Family', NULL, NULL, 'local_visitor', NULL, 7, '2025-08-03 00:44:20', '2025-08-13 03:45:47', 'red_9f3a7c2e5b10'),
(41, 'Ilwoo Old', NULL, NULL, 'local_visitor', '2025-08-03', 2, '2025-08-04 01:03:38', '2025-08-13 05:45:17', 'red_9f3a7c2e5b10'),
(42, 'Abi friend', NULL, 'local_visitor', 'traveller_visitor', '2025-08-10', 7, '2025-08-10 02:35:55', '2025-08-13 03:48:50', 'red_9f3a7c2e5b10'),
(43, 'REMMINGA, Nathaneal and Rachel', NULL, 'local_visitor', 'traveller_visitor', '2025-08-10', 7, '2025-08-10 02:36:47', '2025-08-13 03:48:44', 'red_9f3a7c2e5b10'),
(44, 'TEST, test', NULL, 'traveller_visitor', 'traveller_visitor', '2025-08-10', 2, '2025-08-10 04:47:31', '2025-08-13 03:45:47', 'red_9f3a7c2e5b10'),
(45, 'DAVIS, Phil', NULL, 'local_visitor', 'local_visitor', '2025-08-13', 2, '2025-08-12 21:42:19', '2025-08-13 03:45:47', 'red_9f3a7c2e5b10'),
(46, 'Ole, Johannes', NULL, NULL, 'regular', NULL, 2, '2025-08-13 03:33:44', '2025-08-13 03:33:44', 'red_9f3a7c2e5b10'),
(47, 'Ole, Johannes', NULL, NULL, 'regular', NULL, 2, '2025-08-13 03:34:54', '2025-08-13 03:34:54', 'red_9f3a7c2e5b10'),
(48, 'Winters, Jeshua and Bruttany', NULL, NULL, 'regular', NULL, 8, '2025-08-13 04:15:25', '2025-08-13 04:15:25', 'the_a7163610d65f'),
(49, 'LINSIISISD, Rebecca', NULL, NULL, 'traveller_visitor', NULL, 8, '2025-08-13 04:18:18', '2025-08-13 04:18:18', 'the_a7163610d65f'),
(50, 'LINDISIS, Rebecadas', NULL, NULL, 'local_visitor', NULL, 8, '2025-08-13 04:18:30', '2025-08-13 04:18:30', 'the_a7163610d65f'),
(51, 'LINDISIS, Rebecadas', NULL, NULL, 'local_visitor', NULL, 8, '2025-08-13 04:18:32', '2025-08-13 04:18:32', 'the_a7163610d65f'),
(52, 'LINDISIS, Rebecadas', NULL, NULL, 'local_visitor', NULL, 8, '2025-08-13 04:18:32', '2025-08-13 04:18:32', 'the_a7163610d65f'),
(53, 'LINDISIS, Rebecadas', NULL, NULL, 'local_visitor', NULL, 8, '2025-08-13 04:18:32', '2025-08-13 04:18:32', 'the_a7163610d65f'),
(54, 'LINDIS, Rebecca', NULL, NULL, 'local_visitor', NULL, 8, '2025-08-13 04:21:46', '2025-08-13 04:21:46', 'the_a7163610d65f'),
(55, 'Lindis, Rebecca', NULL, NULL, 'regular', NULL, 8, '2025-08-13 04:22:12', '2025-08-13 04:22:12', 'the_a7163610d65f'),
(56, 'MCBLOB, Blobby', 'Great guy, real blob vibes', NULL, 'traveller_visitor', NULL, 8, '2025-08-13 04:29:48', '2025-08-13 04:29:48', 'the_a7163610d65f'),
(57, 'PENCE, Mike', 'Travelled a long way to be here for this', NULL, 'traveller_visitor', NULL, 8, '2025-08-13 04:31:08', '2025-08-13 04:31:08', 'the_a7163610d65f'),
(58, 'TEST, test', NULL, NULL, 'local_visitor', NULL, 2, '2025-08-13 04:37:46', '2025-08-13 04:37:46', 'red_9f3a7c2e5b10'),
(59, 'RETREAT, retreat', NULL, NULL, 'local_visitor', '2025-08-10', 2, '2025-08-13 04:43:36', '2025-08-13 04:43:36', 'red_9f3a7c2e5b10'),
(60, '222, test', NULL, NULL, 'local_visitor', '2025-08-10', 2, '2025-08-13 04:48:38', '2025-08-13 04:48:38', 'red_9f3a7c2e5b10'),
(61, 'PH, Guest1 and Guest2', NULL, NULL, 'traveller_visitor', '2025-08-17', 2, '2025-08-17 00:24:35', '2025-08-17 00:24:35', 'red_9f3a7c2e5b10'),
(62, 'GUEST, Ilwoo and Child', NULL, NULL, 'local_visitor', '2025-08-17', 2, '2025-08-17 00:28:16', '2025-08-17 00:28:16', 'red_9f3a7c2e5b10'),
(63, 'PH, David & Evelyn', NULL, NULL, 'regular', NULL, 2, '2025-08-17 02:18:17', '2025-08-17 02:18:17', 'red_9f3a7c2e5b10'),
(64, 'LocalGuests, David and Evelyn', NULL, NULL, 'local_visitor', NULL, 2, '2025-08-20 20:38:22', '2025-08-20 20:39:38', 'red_9f3a7c2e5b10'),
(65, 'Anderton, Owen and Helen', NULL, NULL, 'local_visitor', '2025-08-24', 7, '2025-08-24 00:51:31', '2025-08-24 00:51:31', 'red_9f3a7c2e5b10'),
(66, 'Vanderschoor, Kieth', NULL, NULL, 'local_visitor', '2025-08-24', 7, '2025-08-24 00:51:54', '2025-08-24 00:51:54', 'red_9f3a7c2e5b10'),
(67, 'Anderton, Owen and Helen', NULL, NULL, 'local_visitor', '2025-08-24', 7, '2025-08-24 00:53:40', '2025-08-24 00:53:40', 'red_9f3a7c2e5b10');

-- --------------------------------------------------------

--
-- Table structure for table `gathering_lists`
--

CREATE TABLE `gathering_lists` (
  `id` int(11) NOT NULL,
  `gathering_type_id` int(11) NOT NULL,
  `individual_id` int(11) NOT NULL,
  `added_by` int(11) DEFAULT NULL,
  `added_at` timestamp NOT NULL DEFAULT current_timestamp(),
  `church_id` varchar(36) NOT NULL
) ENGINE=InnoDB DEFAULT CHARSET=utf8mb4 COLLATE=utf8mb4_general_ci;

--
-- Dumping data for table `gathering_lists`
--

INSERT INTO `gathering_lists` (`id`, `gathering_type_id`, `individual_id`, `added_by`, `added_at`, `church_id`) VALUES
(1, 1, 1, 2, '2025-07-26 00:08:16', 'red_9f3a7c2e5b10'),
(2, 1, 2, 2, '2025-07-26 00:08:16', 'red_9f3a7c2e5b10'),
(3, 1, 3, 2, '2025-07-26 00:08:16', 'red_9f3a7c2e5b10'),
(4, 1, 4, 2, '2025-07-26 00:08:16', 'red_9f3a7c2e5b10'),
(5, 1, 5, 2, '2025-07-26 00:08:16', 'red_9f3a7c2e5b10'),
(6, 1, 6, 2, '2025-07-26 00:08:16', 'red_9f3a7c2e5b10'),
(7, 1, 7, 2, '2025-07-26 00:08:16', 'red_9f3a7c2e5b10'),
(8, 1, 8, 2, '2025-07-26 00:08:16', 'red_9f3a7c2e5b10'),
(9, 1, 9, 2, '2025-07-26 00:08:16', 'red_9f3a7c2e5b10'),
(10, 1, 10, 2, '2025-07-26 00:08:16', 'red_9f3a7c2e5b10'),
(11, 1, 11, 2, '2025-07-26 00:08:16', 'red_9f3a7c2e5b10'),
(12, 1, 12, 2, '2025-07-26 00:08:16', 'red_9f3a7c2e5b10'),
(13, 1, 13, 2, '2025-07-26 00:08:16', 'red_9f3a7c2e5b10'),
(14, 1, 14, 2, '2025-07-26 00:08:16', 'red_9f3a7c2e5b10'),
(15, 1, 15, 2, '2025-07-26 00:08:16', 'red_9f3a7c2e5b10'),
(16, 1, 16, 2, '2025-07-26 00:08:16', 'red_9f3a7c2e5b10'),
(17, 1, 17, 2, '2025-07-26 00:08:16', 'red_9f3a7c2e5b10'),
(18, 1, 18, 2, '2025-07-26 00:08:16', 'red_9f3a7c2e5b10'),
(19, 1, 19, 2, '2025-07-26 00:08:16', 'red_9f3a7c2e5b10'),
(20, 1, 20, 2, '2025-07-26 00:08:16', 'red_9f3a7c2e5b10'),
(21, 1, 21, 2, '2025-07-26 00:08:16', 'red_9f3a7c2e5b10'),
(22, 1, 22, 2, '2025-07-26 00:08:16', 'red_9f3a7c2e5b10'),
(23, 1, 23, 2, '2025-07-26 00:08:16', 'red_9f3a7c2e5b10'),
(24, 1, 24, 2, '2025-07-26 00:08:16', 'red_9f3a7c2e5b10'),
(25, 1, 25, 2, '2025-07-26 00:08:16', 'red_9f3a7c2e5b10'),
(26, 1, 26, 2, '2025-07-26 00:08:16', 'red_9f3a7c2e5b10'),
(27, 1, 27, 2, '2025-07-26 00:08:16', 'red_9f3a7c2e5b10'),
(28, 1, 28, 2, '2025-07-26 00:08:16', 'red_9f3a7c2e5b10'),
(29, 1, 29, 2, '2025-07-26 00:08:16', 'red_9f3a7c2e5b10'),
(30, 1, 30, 2, '2025-07-26 00:08:16', 'red_9f3a7c2e5b10'),
(31, 1, 31, 2, '2025-07-26 00:08:16', 'red_9f3a7c2e5b10'),
(32, 1, 32, 2, '2025-07-26 00:08:16', 'red_9f3a7c2e5b10'),
(33, 1, 33, 2, '2025-07-26 00:08:16', 'red_9f3a7c2e5b10'),
(34, 1, 34, 2, '2025-07-26 00:08:16', 'red_9f3a7c2e5b10'),
(35, 1, 35, 2, '2025-07-26 00:08:16', 'red_9f3a7c2e5b10'),
(36, 1, 36, 2, '2025-07-26 00:08:16', 'red_9f3a7c2e5b10'),
(37, 1, 37, 2, '2025-07-26 00:08:16', 'red_9f3a7c2e5b10'),
(38, 1, 38, 2, '2025-07-26 00:08:16', 'red_9f3a7c2e5b10'),
(39, 1, 39, 2, '2025-07-26 00:08:16', 'red_9f3a7c2e5b10'),
(40, 1, 40, 2, '2025-07-26 00:08:16', 'red_9f3a7c2e5b10'),
(41, 1, 41, 2, '2025-07-26 00:08:16', 'red_9f3a7c2e5b10'),
(42, 1, 42, 2, '2025-07-26 00:08:16', 'red_9f3a7c2e5b10'),
(43, 1, 43, 2, '2025-07-26 00:08:16', 'red_9f3a7c2e5b10'),
(44, 1, 44, 2, '2025-07-26 00:08:16', 'red_9f3a7c2e5b10'),
(45, 1, 45, 2, '2025-07-26 00:08:16', 'red_9f3a7c2e5b10'),
(46, 1, 46, 2, '2025-07-26 00:08:16', 'red_9f3a7c2e5b10'),
(47, 1, 47, 2, '2025-07-26 00:08:16', 'red_9f3a7c2e5b10'),
(48, 1, 48, 2, '2025-07-26 00:08:16', 'red_9f3a7c2e5b10'),
(49, 1, 49, 2, '2025-07-26 00:08:16', 'red_9f3a7c2e5b10'),
(50, 1, 50, 2, '2025-07-26 00:08:16', 'red_9f3a7c2e5b10'),
(51, 1, 51, 2, '2025-07-26 00:08:16', 'red_9f3a7c2e5b10'),
(52, 1, 52, 2, '2025-07-26 00:08:16', 'red_9f3a7c2e5b10'),
(53, 1, 53, 2, '2025-07-26 00:08:16', 'red_9f3a7c2e5b10'),
(54, 1, 54, 2, '2025-07-26 00:08:16', 'red_9f3a7c2e5b10'),
(55, 1, 55, 2, '2025-07-26 00:08:16', 'red_9f3a7c2e5b10'),
(56, 1, 56, 2, '2025-07-26 00:08:16', 'red_9f3a7c2e5b10'),
(57, 1, 57, 2, '2025-07-26 00:08:16', 'red_9f3a7c2e5b10'),
(58, 1, 58, 2, '2025-07-26 00:08:16', 'red_9f3a7c2e5b10'),
(59, 1, 59, 2, '2025-07-26 00:08:16', 'red_9f3a7c2e5b10'),
(60, 1, 60, 2, '2025-07-26 00:08:16', 'red_9f3a7c2e5b10'),
(61, 1, 61, 2, '2025-07-26 00:08:16', 'red_9f3a7c2e5b10'),
(62, 1, 62, 2, '2025-07-26 00:08:16', 'red_9f3a7c2e5b10'),
(63, 1, 63, 2, '2025-07-26 00:08:16', 'red_9f3a7c2e5b10'),
(64, 1, 64, 2, '2025-07-26 00:08:16', 'red_9f3a7c2e5b10'),
(65, 1, 65, 2, '2025-07-26 00:08:16', 'red_9f3a7c2e5b10'),
(66, 1, 66, 2, '2025-07-26 00:08:16', 'red_9f3a7c2e5b10'),
(67, 1, 67, 2, '2025-07-26 00:08:16', 'red_9f3a7c2e5b10'),
(68, 1, 68, 2, '2025-07-26 00:08:16', 'red_9f3a7c2e5b10'),
(69, 1, 69, 2, '2025-07-26 00:08:16', 'red_9f3a7c2e5b10'),
(70, 1, 70, 2, '2025-07-26 00:08:16', 'red_9f3a7c2e5b10'),
(71, 1, 71, 2, '2025-07-26 00:08:16', 'red_9f3a7c2e5b10'),
(72, 1, 72, 2, '2025-07-26 00:08:16', 'red_9f3a7c2e5b10'),
(73, 1, 73, 2, '2025-07-26 00:08:16', 'red_9f3a7c2e5b10'),
(74, 1, 74, 2, '2025-07-26 00:08:16', 'red_9f3a7c2e5b10'),
(75, 1, 75, 2, '2025-07-26 00:08:16', 'red_9f3a7c2e5b10'),
(76, 1, 76, 2, '2025-07-26 00:08:16', 'red_9f3a7c2e5b10'),
(77, 1, 77, 2, '2025-07-26 00:08:16', 'red_9f3a7c2e5b10'),
(78, 1, 78, 2, '2025-07-26 00:08:16', 'red_9f3a7c2e5b10'),
(79, 1, 79, 2, '2025-07-26 00:08:16', 'red_9f3a7c2e5b10'),
(80, 1, 80, 2, '2025-07-26 00:08:16', 'red_9f3a7c2e5b10'),
(81, 1, 81, 2, '2025-07-26 00:08:16', 'red_9f3a7c2e5b10'),
(82, 1, 82, 2, '2025-07-26 00:08:16', 'red_9f3a7c2e5b10'),
(83, 1, 83, 2, '2025-07-26 00:08:16', 'red_9f3a7c2e5b10'),
(84, 1, 84, 2, '2025-07-26 00:08:16', 'red_9f3a7c2e5b10'),
(85, 1, 85, 2, '2025-07-26 00:08:16', 'red_9f3a7c2e5b10'),
(86, 1, 86, 2, '2025-07-26 00:08:16', 'red_9f3a7c2e5b10'),
(87, 1, 87, 2, '2025-07-26 00:08:16', 'red_9f3a7c2e5b10'),
(88, 1, 88, 2, '2025-07-26 00:08:16', 'red_9f3a7c2e5b10'),
(89, 1, 89, 2, '2025-07-26 00:08:16', 'red_9f3a7c2e5b10'),
(90, 1, 90, 2, '2025-07-26 00:08:16', 'red_9f3a7c2e5b10'),
(91, 1, 91, 2, '2025-07-26 00:08:16', 'red_9f3a7c2e5b10'),
(92, 1, 92, 2, '2025-07-26 00:08:16', 'red_9f3a7c2e5b10'),
(93, 1, 93, 2, '2025-07-26 00:08:16', 'red_9f3a7c2e5b10'),
(94, 1, 94, 2, '2025-07-26 00:08:16', 'red_9f3a7c2e5b10'),
(95, 1, 95, 2, '2025-07-26 00:08:16', 'red_9f3a7c2e5b10'),
(99, 1, 99, 7, '2025-07-27 00:12:45', 'red_9f3a7c2e5b10'),
(100, 1, 100, 7, '2025-07-27 00:13:33', 'red_9f3a7c2e5b10'),
(101, 1, 101, 7, '2025-07-27 00:13:33', 'red_9f3a7c2e5b10'),
(102, 1, 102, 7, '2025-07-27 00:14:09', 'red_9f3a7c2e5b10'),
(103, 1, 103, 7, '2025-07-27 00:14:09', 'red_9f3a7c2e5b10'),
(104, 1, 104, 2, '2025-07-27 04:14:52', 'red_9f3a7c2e5b10'),
(106, 1, 106, 2, '2025-07-27 04:52:07', 'red_9f3a7c2e5b10'),
(107, 1, 107, 2, '2025-07-27 04:52:07', 'red_9f3a7c2e5b10'),
(108, 1, 108, 2, '2025-07-27 05:31:27', 'red_9f3a7c2e5b10'),
(109, 2, 19, 2, '2025-07-27 07:08:43', 'red_9f3a7c2e5b10'),
(110, 2, 61, 2, '2025-07-27 07:08:43', 'red_9f3a7c2e5b10'),
(111, 2, 43, 2, '2025-07-27 07:08:43', 'red_9f3a7c2e5b10'),
(112, 2, 59, 2, '2025-07-27 07:08:43', 'red_9f3a7c2e5b10'),
(113, 2, 63, 2, '2025-07-27 07:08:43', 'red_9f3a7c2e5b10'),
(114, 2, 12, 2, '2025-07-27 07:08:43', 'red_9f3a7c2e5b10'),
(115, 2, 30, 2, '2025-07-27 07:08:43', 'red_9f3a7c2e5b10'),
(116, 2, 21, 2, '2025-07-27 07:08:43', 'red_9f3a7c2e5b10'),
(117, 2, 23, 2, '2025-07-27 07:08:43', 'red_9f3a7c2e5b10'),
(118, 2, 11, 2, '2025-07-27 07:08:43', 'red_9f3a7c2e5b10'),
(119, 2, 65, 2, '2025-07-27 07:08:43', 'red_9f3a7c2e5b10'),
(120, 2, 71, 2, '2025-07-27 07:08:43', 'red_9f3a7c2e5b10'),
(121, 2, 73, 2, '2025-07-27 07:08:43', 'red_9f3a7c2e5b10'),
(122, 2, 80, 2, '2025-07-27 07:08:43', 'red_9f3a7c2e5b10'),
(123, 2, 109, 2, '2025-07-27 10:28:52', 'red_9f3a7c2e5b10'),
(124, 1, 121, 2, '2025-08-02 05:07:26', 'red_9f3a7c2e5b10'),
(125, 3, 66, 2, '2025-08-05 21:43:15', 'red_9f3a7c2e5b10'),
(126, 3, 53, 2, '2025-08-05 21:43:15', 'red_9f3a7c2e5b10'),
(127, 3, 95, 2, '2025-08-05 21:43:15', 'red_9f3a7c2e5b10'),
(128, 3, 89, 2, '2025-08-05 21:43:15', 'red_9f3a7c2e5b10'),
(129, 3, 50, 2, '2025-08-05 21:43:15', 'red_9f3a7c2e5b10'),
(130, 3, 13, 2, '2025-08-05 21:43:15', 'red_9f3a7c2e5b10'),
(131, 3, 102, 2, '2025-08-05 21:43:15', 'red_9f3a7c2e5b10'),
(132, 1, 115, 2, '2025-08-08 05:52:42', 'red_9f3a7c2e5b10'),
(134, 1, 119, NULL, '2025-08-08 05:52:42', 'red_9f3a7c2e5b10'),
(135, 1, 122, NULL, '2025-08-08 05:52:42', 'red_9f3a7c2e5b10'),
(136, 1, 123, NULL, '2025-08-08 05:52:42', 'red_9f3a7c2e5b10'),
(137, 1, 126, NULL, '2025-08-08 05:52:42', 'red_9f3a7c2e5b10'),
(139, 1, 128, 7, '2025-08-10 02:35:55', 'red_9f3a7c2e5b10'),
(140, 1, 129, 7, '2025-08-10 02:36:48', 'red_9f3a7c2e5b10'),
(141, 1, 130, 7, '2025-08-10 02:36:48', 'red_9f3a7c2e5b10'),
(142, 1, 131, 2, '2025-08-10 04:47:31', 'red_9f3a7c2e5b10'),
(143, 3, 132, 2, '2025-08-12 21:42:19', 'red_9f3a7c2e5b10'),
(144, 1, 145, 2, '2025-08-13 04:43:36', 'red_9f3a7c2e5b10'),
(145, 1, 146, 2, '2025-08-13 04:48:38', 'red_9f3a7c2e5b10'),
(149, 1, 148, 2, '2025-08-17 00:24:35', 'red_9f3a7c2e5b10'),
(150, 1, 149, 2, '2025-08-17 00:28:16', 'red_9f3a7c2e5b10'),
(151, 1, 150, 2, '2025-08-17 00:28:16', 'red_9f3a7c2e5b10'),
(152, 1, 151, 2, '2025-08-17 02:18:17', 'red_9f3a7c2e5b10'),
(153, 1, 152, 2, '2025-08-17 02:18:17', 'red_9f3a7c2e5b10'),
(159, 1, 153, 7, '2025-08-24 00:51:31', 'red_9f3a7c2e5b10'),
(160, 1, 154, 7, '2025-08-24 00:51:31', 'red_9f3a7c2e5b10'),
(161, 1, 155, 7, '2025-08-24 00:51:31', 'red_9f3a7c2e5b10'),
(162, 1, 156, 7, '2025-08-24 00:51:54', 'red_9f3a7c2e5b10'),
(163, 1, 157, 7, '2025-08-24 00:53:40', 'red_9f3a7c2e5b10'),
(164, 1, 158, 7, '2025-08-24 00:53:40', 'red_9f3a7c2e5b10');

-- --------------------------------------------------------

--
-- Table structure for table `gathering_types`
--

CREATE TABLE `gathering_types` (
  `id` int(11) NOT NULL,
  `name` varchar(255) NOT NULL,
  `description` text DEFAULT NULL,
  `day_of_week` enum('Sunday','Monday','Tuesday','Wednesday','Thursday','Friday','Saturday') DEFAULT NULL,
  `start_time` time DEFAULT NULL,
  `duration_minutes` int(11) DEFAULT 90,
  `frequency` enum('weekly','biweekly','monthly') DEFAULT 'weekly',
  `group_by_family` tinyint(1) DEFAULT 1,
  `is_active` tinyint(1) DEFAULT 1,
  `created_by` int(11) DEFAULT NULL,
  `created_at` timestamp NOT NULL DEFAULT current_timestamp(),
  `updated_at` timestamp NOT NULL DEFAULT current_timestamp() ON UPDATE current_timestamp(),
  `church_id` varchar(36) NOT NULL
) ENGINE=InnoDB DEFAULT CHARSET=utf8mb4 COLLATE=utf8mb4_general_ci;

--
-- Dumping data for table `gathering_types`
--

INSERT INTO `gathering_types` (`id`, `name`, `description`, `day_of_week`, `start_time`, `duration_minutes`, `frequency`, `group_by_family`, `is_active`, `created_by`, `created_at`, `updated_at`, `church_id`) VALUES
(1, 'Sunday Service', '', 'Sunday', '10:00:00', 90, 'weekly', 1, 1, 2, '2025-07-26 00:08:09', '2025-08-13 03:14:20', 'red_9f3a7c2e5b10'),
(2, 'Youth Group', 'Youth', 'Sunday', '18:00:00', 120, 'weekly', 1, 1, 2, '2025-07-27 07:07:13', '2025-08-13 03:14:20', 'red_9f3a7c2e5b10'),
(3, 'Mens Prayer', 'Weekly prayer meeting', 'Wednesday', '06:45:00', 60, 'weekly', 1, 1, 2, '2025-08-05 21:41:25', '2025-08-13 03:14:20', 'red_9f3a7c2e5b10'),
(5, 'Tuesday Morning Service', 'Weekly Tuesday morning gathering', 'Thursday', '09:41:00', 90, 'weekly', 1, 1, 8, '2025-08-13 04:16:26', '2025-08-13 04:16:26', 'the_a7163610d65f');

-- --------------------------------------------------------

--
-- Table structure for table `individuals`
--

CREATE TABLE `individuals` (
  `id` int(11) NOT NULL,
  `first_name` varchar(100) NOT NULL,
  `last_name` varchar(100) NOT NULL,
  `people_type` enum('regular','local_visitor','traveller_visitor') DEFAULT 'regular',
  `last_attendance_date` date DEFAULT NULL,
  `family_id` int(11) DEFAULT NULL,
  `is_active` tinyint(1) DEFAULT 1,
  `created_by` int(11) DEFAULT NULL,
  `created_at` timestamp NOT NULL DEFAULT current_timestamp(),
  `updated_at` timestamp NOT NULL DEFAULT current_timestamp() ON UPDATE current_timestamp(),
  `church_id` varchar(36) NOT NULL
) ENGINE=InnoDB DEFAULT CHARSET=utf8mb4 COLLATE=utf8mb4_general_ci;

--
-- Dumping data for table `individuals`
--

INSERT INTO `individuals` (`id`, `first_name`, `last_name`, `people_type`, `last_attendance_date`, `family_id`, `is_active`, `created_by`, `created_at`, `updated_at`, `church_id`) VALUES
(1, 'Richard', 'Adler', 'regular', '2025-08-24', 1, 1, 2, '2025-07-26 00:08:16', '2025-08-22 06:03:29', 'red_9f3a7c2e5b10'),
(2, 'Glenda', 'Adler', 'regular', '2025-08-24', 1, 1, 2, '2025-07-26 00:08:16', '2025-08-22 06:02:12', 'red_9f3a7c2e5b10'),
(3, 'Kaitlyn', 'Adler', 'regular', '2025-08-24', 1, 1, 2, '2025-07-26 00:08:16', '2025-08-22 06:02:29', 'red_9f3a7c2e5b10'),
(4, 'Nadine', 'Adler', 'regular', '2025-08-24', 1, 1, 2, '2025-07-26 00:08:16', '2025-08-22 06:02:39', 'red_9f3a7c2e5b10'),
(5, 'Nick', 'Adler', 'regular', '2025-08-24', 1, 1, 2, '2025-07-26 00:08:16', '2025-08-24 06:15:04', 'red_9f3a7c2e5b10'),
(6, 'Luke', 'Gilder', 'regular', NULL, 2, 1, 2, '2025-07-26 00:08:16', '2025-08-13 03:14:20', 'red_9f3a7c2e5b10'),
(7, 'Reid', 'Anderton', 'regular', '2025-08-24', 3, 1, 2, '2025-07-26 00:08:16', '2025-08-24 00:48:42', 'red_9f3a7c2e5b10'),
(8, 'Chan', 'Anderton', 'regular', '2025-08-24', 3, 1, 2, '2025-07-26 00:08:16', '2025-08-24 00:48:42', 'red_9f3a7c2e5b10'),
(9, 'Jayda', 'Anderton', 'regular', '2025-08-24', 3, 1, 2, '2025-07-26 00:08:16', '2025-08-24 00:48:42', 'red_9f3a7c2e5b10'),
(10, 'Jed', 'Anderton', 'regular', '2025-08-24', 3, 1, 2, '2025-07-26 00:08:16', '2025-08-24 00:48:42', 'red_9f3a7c2e5b10'),
(11, 'Riley', 'Anderton', 'regular', '2025-08-24', 3, 1, 2, '2025-07-26 00:08:16', '2025-08-21 20:21:08', 'red_9f3a7c2e5b10'),
(12, 'Sierra', 'Anderton', 'regular', '2025-08-24', 3, 1, 2, '2025-07-26 00:08:16', '2025-08-21 20:21:20', 'red_9f3a7c2e5b10'),
(13, 'Peirce', 'Baehr', 'regular', '2025-08-24', 4, 1, 2, '2025-07-26 00:08:16', '2025-08-24 00:48:48', 'red_9f3a7c2e5b10'),
(14, 'Christina', 'Baehr', 'regular', '2025-08-24', 4, 1, 2, '2025-07-26 00:08:16', '2025-08-24 00:48:48', 'red_9f3a7c2e5b10'),
(15, 'Bess', 'Baehr', 'regular', '2025-08-24', 4, 1, 2, '2025-07-26 00:08:16', '2025-08-24 00:48:48', 'red_9f3a7c2e5b10'),
(16, 'Blaise', 'Baehr', 'regular', '2025-08-24', 4, 1, 2, '2025-07-26 00:08:16', '2025-08-24 00:48:48', 'red_9f3a7c2e5b10'),
(17, 'Cora', 'Baehr', 'regular', '2025-08-24', 4, 1, 2, '2025-07-26 00:08:16', '2025-08-24 00:48:48', 'red_9f3a7c2e5b10'),
(18, 'Dot', 'Baehr', 'regular', '2025-08-24', 4, 1, 2, '2025-07-26 00:08:16', '2025-08-24 00:48:48', 'red_9f3a7c2e5b10'),
(19, 'Eve', 'Baehr', 'regular', '2025-08-24', 4, 1, 2, '2025-07-26 00:08:16', '2025-08-21 20:21:33', 'red_9f3a7c2e5b10'),
(20, 'Josephine', 'Baehr', 'regular', '2025-08-24', 4, 1, 2, '2025-07-26 00:08:16', '2025-08-24 00:48:48', 'red_9f3a7c2e5b10'),
(21, 'Lilia', 'Baehr', 'regular', '2025-08-24', 4, 1, 2, '2025-07-26 00:08:16', '2025-08-21 20:21:40', 'red_9f3a7c2e5b10'),
(22, 'Maria', 'Baehr', 'regular', '2025-08-24', 4, 1, 2, '2025-07-26 00:08:16', '2025-08-24 00:48:48', 'red_9f3a7c2e5b10'),
(23, 'Meg', 'Baehr', 'regular', '2025-08-24', 4, 1, 2, '2025-07-26 00:08:16', '2025-08-24 00:48:48', 'red_9f3a7c2e5b10'),
(24, 'Wyc', 'Baehr', 'regular', '2025-08-24', 4, 1, 2, '2025-07-26 00:08:16', '2025-08-24 00:48:48', 'red_9f3a7c2e5b10'),
(25, 'George', 'Binstead', 'regular', '2025-08-24', 5, 1, 2, '2025-07-26 00:08:16', '2025-08-22 06:01:54', 'red_9f3a7c2e5b10'),
(26, 'Glenys', 'Binstead', 'regular', '2025-08-24', 5, 1, 2, '2025-07-26 00:08:16', '2025-08-24 00:49:08', 'red_9f3a7c2e5b10'),
(27, 'Wendy', 'Binstead', 'regular', '2025-08-24', 6, 1, 2, '2025-07-26 00:08:16', '2025-08-22 06:01:52', 'red_9f3a7c2e5b10'),
(28, 'Mark', 'Boonstra', 'regular', '2025-08-24', 7, 1, 2, '2025-07-26 00:08:16', '2025-08-22 06:01:59', 'red_9f3a7c2e5b10'),
(29, 'Kelly', 'Boonstra', 'regular', '2025-08-24', 7, 1, 2, '2025-07-26 00:08:16', '2025-08-22 06:01:57', 'red_9f3a7c2e5b10'),
(30, 'Milly', 'Boonstra', 'regular', '2025-08-24', 7, 1, 2, '2025-07-26 00:08:16', '2025-08-24 00:49:10', 'red_9f3a7c2e5b10'),
(31, 'Samuel', 'Boonstra', 'regular', '2025-08-24', 7, 1, 2, '2025-07-26 00:08:16', '2025-08-24 00:49:10', 'red_9f3a7c2e5b10'),
(32, 'Aeinjewel', 'Hesketh', 'regular', '2025-08-24', 7, 1, 2, '2025-07-26 00:08:16', '2025-08-24 00:49:10', 'red_9f3a7c2e5b10'),
(33, 'Judy', 'Branson', 'regular', '2025-08-24', 8, 1, 2, '2025-07-26 00:08:16', '2025-08-22 05:49:25', 'red_9f3a7c2e5b10'),
(34, 'Andrew', 'Carter', 'regular', '2025-08-24', 9, 1, 2, '2025-07-26 00:08:16', '2025-08-22 06:02:04', 'red_9f3a7c2e5b10'),
(35, 'Joel', 'Stocker', 'regular', '2025-08-10', 10, 1, 2, '2025-07-26 00:08:16', '2025-08-13 03:14:20', 'red_9f3a7c2e5b10'),
(36, 'Katie', 'Stocker', 'regular', '2025-08-10', 10, 1, 2, '2025-07-26 00:08:16', '2025-08-13 03:14:20', 'red_9f3a7c2e5b10'),
(37, 'Child 1', 'Stocker', 'regular', '2025-08-10', 10, 1, 2, '2025-07-26 00:08:16', '2025-08-13 03:14:20', 'red_9f3a7c2e5b10'),
(38, 'Child 2', 'Stocker', 'regular', '2025-08-10', 10, 1, 2, '2025-07-26 00:08:16', '2025-08-13 03:14:20', 'red_9f3a7c2e5b10'),
(39, 'Child 3', 'Stocker', 'regular', '2025-08-10', 10, 1, 2, '2025-07-26 00:08:16', '2025-08-13 03:14:20', 'red_9f3a7c2e5b10'),
(40, 'Micky', 'Davis', 'regular', '2025-07-27', 11, 1, 2, '2025-07-26 00:08:16', '2025-08-13 03:14:20', 'red_9f3a7c2e5b10'),
(41, 'Dave', 'Francomb', 'regular', '2025-08-24', 12, 1, 2, '2025-07-26 00:08:16', '2025-08-24 00:49:15', 'red_9f3a7c2e5b10'),
(42, 'Melissa', 'Francomb', 'regular', '2025-08-24', 12, 1, 2, '2025-07-26 00:08:16', '2025-08-24 00:49:15', 'red_9f3a7c2e5b10'),
(43, 'Elliot', 'Francomb', 'regular', '2025-08-24', 12, 1, 2, '2025-07-26 00:08:16', '2025-08-24 00:49:15', 'red_9f3a7c2e5b10'),
(44, 'Tom', 'Francomb', 'regular', '2025-08-24', 12, 1, 2, '2025-07-26 00:08:16', '2025-08-24 00:49:15', 'red_9f3a7c2e5b10'),
(45, 'William', 'Francomb', 'regular', '2025-08-24', 12, 1, 2, '2025-07-26 00:08:16', '2025-08-24 00:49:15', 'red_9f3a7c2e5b10'),
(46, 'Rob', 'Hadfield', 'regular', '2025-08-24', 13, 1, 2, '2025-07-26 00:08:16', '2025-08-13 03:14:20', 'red_9f3a7c2e5b10'),
(47, 'Naomi', 'Hadfield', 'regular', '2025-08-24', 13, 1, 2, '2025-07-26 00:08:16', '2025-08-24 00:49:23', 'red_9f3a7c2e5b10'),
(48, 'Sophie', 'Hadfield', 'regular', '2025-08-24', 13, 1, 2, '2025-07-26 00:08:16', '2025-08-24 00:49:23', 'red_9f3a7c2e5b10'),
(49, 'Emma', 'Holyhead', 'regular', '2025-08-24', 14, 1, 2, '2025-07-26 00:08:16', '2025-08-22 05:49:31', 'red_9f3a7c2e5b10'),
(50, 'Ian', 'Holyhead', 'regular', '2025-08-24', 14, 1, 2, '2025-07-26 00:08:16', '2025-08-22 05:49:31', 'red_9f3a7c2e5b10'),
(51, 'Amber', 'Jarvela', 'regular', '2025-08-17', 15, 1, 2, '2025-07-26 00:08:16', '2025-08-17 00:23:15', 'red_9f3a7c2e5b10'),
(52, 'Iris', 'Jarvela', 'regular', '2025-08-17', 16, 1, 2, '2025-07-26 00:08:16', '2025-08-17 00:23:17', 'red_9f3a7c2e5b10'),
(53, 'Jon', 'Jarvela', 'regular', '2025-08-17', 16, 1, 2, '2025-07-26 00:08:16', '2025-08-17 00:23:17', 'red_9f3a7c2e5b10'),
(54, 'Jordan', 'Jarvela', 'regular', '2025-08-17', 15, 1, 2, '2025-07-26 00:08:16', '2025-08-17 00:23:15', 'red_9f3a7c2e5b10'),
(55, 'Leo', 'Jarvela', 'regular', '2025-08-17', 15, 1, 2, '2025-07-26 00:08:16', '2025-08-17 00:23:15', 'red_9f3a7c2e5b10'),
(56, 'Marcus', 'Jarvela', 'regular', '2025-08-24', 16, 1, 2, '2025-07-26 00:08:16', '2025-08-29 00:31:05', 'red_9f3a7c2e5b10'),
(57, 'Ben', 'Kosach', 'regular', '2025-08-24', 17, 1, 2, '2025-07-26 00:08:16', '2025-08-24 00:49:30', 'red_9f3a7c2e5b10'),
(58, 'George', 'Kosach', 'regular', '2025-08-24', 17, 1, 2, '2025-07-26 00:08:16', '2025-08-13 03:14:20', 'red_9f3a7c2e5b10'),
(59, 'Harriot', 'Kosach', 'regular', '2025-08-24', 17, 1, 2, '2025-07-26 00:08:16', '2025-08-24 00:49:30', 'red_9f3a7c2e5b10'),
(60, 'Jasmine', 'Kosach', 'regular', '2025-08-24', 17, 1, 2, '2025-07-26 00:08:16', '2025-08-24 00:49:30', 'red_9f3a7c2e5b10'),
(61, 'Lucy', 'Kosach', 'regular', '2025-08-24', 17, 1, 2, '2025-07-26 00:08:16', '2025-08-24 00:49:30', 'red_9f3a7c2e5b10'),
(62, 'Morriss', 'Kosach', 'regular', '2025-08-24', 17, 1, 2, '2025-07-26 00:08:16', '2025-08-24 00:49:30', 'red_9f3a7c2e5b10'),
(63, 'Ronan', 'Kosach', 'regular', '2025-08-24', 17, 1, 2, '2025-07-26 00:08:16', '2025-08-24 00:49:30', 'red_9f3a7c2e5b10'),
(64, 'Vera', 'Kosach', 'regular', '2025-08-24', 17, 1, 2, '2025-07-26 00:08:16', '2025-08-24 00:49:30', 'red_9f3a7c2e5b10'),
(65, 'Wallace', 'Kosach', 'regular', '2025-08-24', 17, 1, 2, '2025-07-26 00:08:16', '2025-08-13 03:14:20', 'red_9f3a7c2e5b10'),
(66, 'Isaac', 'Lee', 'regular', '2025-08-24', 18, 1, 2, '2025-07-26 00:08:16', '2025-08-22 05:49:39', 'red_9f3a7c2e5b10'),
(67, 'Shelley', 'Lee', 'regular', '2025-08-24', 18, 1, 2, '2025-07-26 00:08:16', '2025-08-22 05:49:39', 'red_9f3a7c2e5b10'),
(68, 'Albi', 'Mackie', 'regular', NULL, 19, 1, 2, '2025-07-26 00:08:16', '2025-08-13 03:14:20', 'red_9f3a7c2e5b10'),
(69, 'Chris', 'Mackie', 'regular', NULL, 19, 1, 2, '2025-07-26 00:08:16', '2025-08-13 03:14:20', 'red_9f3a7c2e5b10'),
(70, 'Naomi', 'Mackie', 'regular', NULL, 19, 1, 2, '2025-07-26 00:08:16', '2025-08-13 03:14:20', 'red_9f3a7c2e5b10'),
(71, 'Nullah', 'Mackie', 'regular', NULL, 19, 1, 2, '2025-07-26 00:08:16', '2025-08-13 03:14:20', 'red_9f3a7c2e5b10'),
(72, 'Ollie', 'Mackie', 'regular', NULL, 19, 1, 2, '2025-07-26 00:08:16', '2025-08-13 03:14:20', 'red_9f3a7c2e5b10'),
(73, 'Sol', 'Mackie', 'regular', NULL, 19, 1, 2, '2025-07-26 00:08:16', '2025-08-13 03:14:20', 'red_9f3a7c2e5b10'),
(74, 'Abby', 'McConnell', 'regular', '2025-08-24', 20, 1, 2, '2025-07-26 00:08:16', '2025-08-24 00:50:18', 'red_9f3a7c2e5b10'),
(75, 'Jayden', 'McConnell', 'regular', '2025-08-24', 20, 1, 2, '2025-07-26 00:08:16', '2025-08-24 00:50:18', 'red_9f3a7c2e5b10'),
(76, 'Renee', 'McConnell', 'regular', '2025-08-24', 20, 1, 2, '2025-07-26 00:08:16', '2025-08-24 00:50:18', 'red_9f3a7c2e5b10'),
(77, 'Vanessa', 'McConnell', 'regular', '2025-08-24', 20, 1, 2, '2025-07-26 00:08:16', '2025-08-24 00:50:18', 'red_9f3a7c2e5b10'),
(78, 'Warwick', 'McConnell', 'regular', '2025-08-24', 20, 1, 2, '2025-07-26 00:08:16', '2025-08-24 00:50:18', 'red_9f3a7c2e5b10'),
(79, 'Biana', 'Riley', 'regular', NULL, 21, 1, 2, '2025-07-26 00:08:16', '2025-08-13 03:14:20', 'red_9f3a7c2e5b10'),
(80, 'Eli', 'Riley', 'regular', NULL, 21, 1, 2, '2025-07-26 00:08:16', '2025-08-13 03:14:20', 'red_9f3a7c2e5b10'),
(81, 'Jeremiah', 'Riley', 'regular', NULL, 21, 1, 2, '2025-07-26 00:08:16', '2025-08-13 03:14:20', 'red_9f3a7c2e5b10'),
(82, 'Tim', 'Riley', 'regular', NULL, 21, 1, 2, '2025-07-26 00:08:16', '2025-08-13 03:14:20', 'red_9f3a7c2e5b10'),
(83, 'Asher', 'Tierney', 'regular', '2025-08-17', 22, 1, 2, '2025-07-26 00:08:16', '2025-08-17 00:23:26', 'red_9f3a7c2e5b10'),
(84, 'Laura', 'Tierney', 'regular', '2025-08-17', 22, 1, 2, '2025-07-26 00:08:16', '2025-08-17 00:23:26', 'red_9f3a7c2e5b10'),
(85, 'Micah', 'Tierney', 'regular', '2025-08-17', 22, 1, 2, '2025-07-26 00:08:16', '2025-08-17 00:23:26', 'red_9f3a7c2e5b10'),
(86, 'Ray', 'Tierney', 'regular', '2025-08-17', 22, 1, 2, '2025-07-26 00:08:16', '2025-08-17 00:23:26', 'red_9f3a7c2e5b10'),
(87, 'Anna', 'Watson', 'regular', NULL, 23, 1, 2, '2025-07-26 00:08:16', '2025-08-13 03:14:20', 'red_9f3a7c2e5b10'),
(88, 'Ben', 'Watson', 'regular', NULL, 23, 1, 2, '2025-07-26 00:08:16', '2025-08-13 03:14:20', 'red_9f3a7c2e5b10'),
(89, 'Dan', 'Watson', 'regular', NULL, 23, 1, 2, '2025-07-26 00:08:16', '2025-08-13 03:14:20', 'red_9f3a7c2e5b10'),
(90, 'Elijah', 'Watson', 'regular', NULL, 23, 1, 2, '2025-07-26 00:08:16', '2025-08-13 03:14:20', 'red_9f3a7c2e5b10'),
(91, 'Noah', 'Watson', 'regular', '2025-08-10', 23, 1, 2, '2025-07-26 00:08:16', '2025-08-13 04:49:31', 'red_9f3a7c2e5b10'),
(92, 'Britt', 'Withers', 'regular', '2025-05-25', 24, 1, 2, '2025-07-26 00:08:16', '2025-08-13 03:14:20', 'red_9f3a7c2e5b10'),
(93, 'Goldie', 'Withers', 'regular', '2025-05-25', 24, 1, 2, '2025-07-26 00:08:16', '2025-08-13 03:14:20', 'red_9f3a7c2e5b10'),
(94, 'Luna', 'Withers', 'regular', '2025-05-25', 24, 1, 2, '2025-07-26 00:08:16', '2025-08-13 03:14:20', 'red_9f3a7c2e5b10'),
(95, 'Josh', 'Withers', 'regular', '2025-05-25', 24, 1, 2, '2025-07-26 00:08:16', '2025-08-13 03:14:20', 'red_9f3a7c2e5b10'),
(99, 'Uri', 'Unknown', 'local_visitor', '2025-07-27', NULL, 1, 7, '2025-07-27 00:12:45', '2025-08-13 03:14:20', 'red_9f3a7c2e5b10'),
(100, 'Tommi', 'Jarvela', 'traveller_visitor', '2025-07-27', 36, 1, 7, '2025-07-27 00:13:33', '2025-08-13 03:49:04', 'red_9f3a7c2e5b10'),
(101, 'Olivia', 'Jarvela', 'traveller_visitor', '2025-07-27', 36, 1, 7, '2025-07-27 00:13:33', '2025-08-13 03:49:04', 'red_9f3a7c2e5b10'),
(102, 'Reuben', 'Jarvela', 'traveller_visitor', '2025-08-17', 26, 1, 7, '2025-07-27 00:14:09', '2025-08-29 01:31:17', 'red_9f3a7c2e5b10'),
(103, 'Abi', 'Jarvela', 'traveller_visitor', '2025-08-17', 26, 1, 7, '2025-07-27 00:14:09', '2025-08-29 01:31:17', 'red_9f3a7c2e5b10'),
(104, 'Flynn', 'Jarvela', 'traveller_visitor', '2025-07-27', 36, 1, 2, '2025-07-27 04:14:52', '2025-08-13 03:49:04', 'red_9f3a7c2e5b10'),
(106, 'Chloe', 'Reardon', 'local_visitor', '2025-08-10', 27, 1, 7, '2025-07-27 04:52:07', '2025-08-13 03:48:13', 'red_9f3a7c2e5b10'),
(107, 'Finnley', 'Kaye', 'local_visitor', '2025-08-10', 27, 1, 7, '2025-07-27 04:52:07', '2025-08-13 03:48:03', 'red_9f3a7c2e5b10'),
(108, 'Tommi', 'Jarvela & Olivia Jarvela & Flynn Jarvela', 'local_visitor', '2025-07-27', NULL, 1, 2, '2025-07-27 05:31:27', '2025-08-13 03:14:20', 'red_9f3a7c2e5b10'),
(109, 'Johannes', 'Ole', 'regular', '2025-08-17', NULL, 1, 2, '2025-07-27 10:28:31', '2025-08-17 10:31:13', 'red_9f3a7c2e5b10'),
(114, 'Margaret', 'Sonnemann', 'local_visitor', NULL, NULL, 1, 2, '2025-07-27 23:05:27', '2025-08-13 03:14:20', 'red_9f3a7c2e5b10'),
(115, 'Jakka', 'Unknown', 'local_visitor', '2025-07-27', NULL, 1, 2, '2025-07-28 21:20:17', '2025-08-13 03:14:20', 'red_9f3a7c2e5b10'),
(117, 'Reuben', 'Jarvela', 'local_visitor', NULL, 35, 1, 2, '2025-07-28 21:22:49', '2025-08-13 03:14:20', 'red_9f3a7c2e5b10'),
(118, 'Abi', 'Jarvela', 'local_visitor', NULL, 35, 1, 2, '2025-07-28 21:22:49', '2025-08-13 03:14:20', 'red_9f3a7c2e5b10'),
(119, 'Sari', 'Unknown', 'local_visitor', '2025-07-27', NULL, 1, 2, '2025-07-28 21:23:02', '2025-08-13 03:14:20', 'red_9f3a7c2e5b10'),
(120, 'Tezt', 'User', 'local_visitor', NULL, NULL, 0, 2, '2025-07-31 07:20:38', '2025-08-13 21:51:13', 'red_9f3a7c2e5b10'),
(121, 'Fin', 'Unknown', 'regular', NULL, 38, 0, 2, '2025-08-02 05:07:26', '2025-08-13 03:14:20', 'red_9f3a7c2e5b10'),
(122, 'Kay', 'Unknown', 'traveller_visitor', '2025-08-03', 39, 1, 2, '2025-08-02 23:56:08', '2025-08-13 03:48:55', 'red_9f3a7c2e5b10'),
(123, 'John', 'Unknown', 'traveller_visitor', '2025-08-03', 39, 1, 2, '2025-08-02 23:56:08', '2025-08-13 03:48:55', 'red_9f3a7c2e5b10'),
(124, 'Victorian man', 'Unknown', 'local_visitor', NULL, 40, 1, 7, '2025-08-03 00:44:20', '2025-08-13 03:14:20', 'red_9f3a7c2e5b10'),
(125, 'Victorian Lady', 'Unknown', 'local_visitor', NULL, 40, 1, 7, '2025-08-03 00:44:20', '2025-08-13 03:14:20', 'red_9f3a7c2e5b10'),
(126, 'Ted', 'Baehr', 'local_visitor', '2025-08-24', NULL, 1, 7, '2025-08-03 00:44:39', '2025-08-13 03:14:20', 'red_9f3a7c2e5b10'),
(128, 'Abi friend', 'Unknown', 'traveller_visitor', '2025-08-10', 42, 1, 7, '2025-08-10 02:35:55', '2025-08-13 03:48:50', 'red_9f3a7c2e5b10'),
(129, 'Nathaneal', 'Remminga', 'traveller_visitor', '2025-08-10', 43, 1, 7, '2025-08-10 02:36:47', '2025-08-13 03:48:44', 'red_9f3a7c2e5b10'),
(130, 'Rachel', 'Remminga', 'traveller_visitor', '2025-08-10', 43, 1, 7, '2025-08-10 02:36:47', '2025-08-13 03:48:44', 'red_9f3a7c2e5b10'),
(131, 'test', 'test', 'traveller_visitor', '2025-08-10', 44, 0, 2, '2025-08-10 04:47:31', '2025-08-13 03:34:29', 'red_9f3a7c2e5b10'),
(132, 'Phil', 'Davis', 'local_visitor', '2025-08-13', 45, 1, 2, '2025-08-12 21:42:19', '2025-08-13 03:14:20', 'red_9f3a7c2e5b10'),
(133, 'Jeshua', 'Winters', 'regular', NULL, 48, 1, 8, '2025-08-13 04:15:25', '2025-08-13 04:15:25', 'the_a7163610d65f'),
(134, 'Bruttany', 'Winters', 'regular', NULL, 48, 1, 8, '2025-08-13 04:15:25', '2025-08-13 04:15:25', 'the_a7163610d65f'),
(135, 'Rebecca', 'Linsiisisd', 'traveller_visitor', NULL, 49, 1, 8, '2025-08-13 04:18:18', '2025-08-13 04:18:18', 'the_a7163610d65f'),
(136, 'Rebecadas', 'Lindisis', 'local_visitor', NULL, 50, 1, 8, '2025-08-13 04:18:30', '2025-08-13 04:18:30', 'the_a7163610d65f'),
(137, 'Rebecadas', 'Lindisis', 'local_visitor', NULL, 51, 1, 8, '2025-08-13 04:18:32', '2025-08-13 04:18:32', 'the_a7163610d65f'),
(138, 'Rebecadas', 'Lindisis', 'local_visitor', NULL, 52, 1, 8, '2025-08-13 04:18:32', '2025-08-13 04:18:32', 'the_a7163610d65f'),
(139, 'Rebecadas', 'Lindisis', 'local_visitor', NULL, 53, 1, 8, '2025-08-13 04:18:32', '2025-08-13 04:18:32', 'the_a7163610d65f'),
(140, 'Rebecca', 'Lindis', 'local_visitor', NULL, 54, 1, 8, '2025-08-13 04:21:46', '2025-08-13 04:21:46', 'the_a7163610d65f'),
(141, 'Rebecca', 'Lindis', 'regular', NULL, 55, 1, 8, '2025-08-13 04:22:12', '2025-08-13 04:22:12', 'the_a7163610d65f'),
(142, 'Blobby', 'McBlob', 'traveller_visitor', NULL, 56, 1, 8, '2025-08-13 04:29:48', '2025-08-13 04:29:48', 'the_a7163610d65f'),
(143, 'Mike', 'Pence', 'traveller_visitor', NULL, 57, 1, 8, '2025-08-13 04:31:08', '2025-08-13 04:31:08', 'the_a7163610d65f'),
(144, 'test', 'test', 'local_visitor', NULL, 58, 0, 2, '2025-08-13 04:37:46', '2025-08-13 21:51:21', 'red_9f3a7c2e5b10'),
(145, 'retreat', 'retreat', 'local_visitor', '2025-08-10', 59, 0, 2, '2025-08-13 04:43:36', '2025-08-13 21:50:32', 'red_9f3a7c2e5b10'),
(146, 'test', '222', 'local_visitor', '2025-08-10', 60, 0, 2, '2025-08-13 04:48:38', '2025-08-13 21:50:38', 'red_9f3a7c2e5b10'),
(147, 'Guest1', 'PH', 'traveller_visitor', '2025-08-17', 61, 0, 2, '2025-08-17 00:24:35', '2025-08-18 04:11:49', 'red_9f3a7c2e5b10'),
(148, 'Guest2', 'PH', 'traveller_visitor', '2025-08-17', 61, 0, 2, '2025-08-17 00:24:35', '2025-08-18 04:11:56', 'red_9f3a7c2e5b10'),
(149, 'Ilwoo', 'Guest', 'local_visitor', '2025-08-24', 62, 1, 2, '2025-08-17 00:28:16', '2025-08-30 05:27:31', 'red_9f3a7c2e5b10'),
(150, 'Rielle', 'Guest', 'local_visitor', '2025-08-24', 62, 1, 2, '2025-08-17 00:28:16', '2025-08-30 05:27:31', 'red_9f3a7c2e5b10'),
(151, 'David', 'Local', 'local_visitor', '2025-08-17', 64, 1, 2, '2025-08-17 02:18:17', '2025-08-20 20:40:24', 'red_9f3a7c2e5b10'),
(152, 'Evelyn', 'Local', 'local_visitor', '2025-08-17', 64, 1, 2, '2025-08-17 02:18:17', '2025-08-20 20:40:27', 'red_9f3a7c2e5b10'),
(153, 'Owen', 'Anderton', 'local_visitor', '2025-08-24', 65, 1, 7, '2025-08-24 00:51:31', '2025-08-24 00:51:31', 'red_9f3a7c2e5b10'),
(154, 'Helen', 'Anderton', 'local_visitor', '2025-08-24', 65, 1, 7, '2025-08-24 00:51:31', '2025-08-24 00:51:31', 'red_9f3a7c2e5b10'),
(155, 'Dave', 'Unknown', 'local_visitor', '2025-08-24', 65, 1, 7, '2025-08-24 00:51:31', '2025-08-24 00:51:31', 'red_9f3a7c2e5b10'),
(156, 'Kieth', 'Vanderschoor', 'local_visitor', '2025-08-24', 66, 1, 7, '2025-08-24 00:51:54', '2025-08-24 00:51:54', 'red_9f3a7c2e5b10'),
(157, 'Owen', 'Anderton', 'local_visitor', '2025-08-24', 67, 1, 7, '2025-08-24 00:53:40', '2025-08-24 00:53:40', 'red_9f3a7c2e5b10'),
(158, 'Helen', 'Anderton', 'local_visitor', '2025-08-24', 67, 1, 7, '2025-08-24 00:53:40', '2025-08-24 00:53:40', 'red_9f3a7c2e5b10');

-- --------------------------------------------------------

--
-- Table structure for table `migrations`
--

CREATE TABLE `migrations` (
  `id` int(11) NOT NULL,
  `version` varchar(50) NOT NULL,
  `name` varchar(255) NOT NULL,
  `description` text DEFAULT NULL,
  `executed_at` timestamp NOT NULL DEFAULT current_timestamp(),
  `execution_time_ms` int(11) DEFAULT NULL,
  `status` enum('success','failed') DEFAULT 'success',
  `error_message` text DEFAULT NULL
) ENGINE=InnoDB DEFAULT CHARSET=utf8mb4 COLLATE=utf8mb4_general_ci;

--
-- Dumping data for table `migrations`
--

INSERT INTO `migrations` (`id`, `version`, `name`, `description`, `executed_at`, `execution_time_ms`, `status`, `error_message`) VALUES
(12, '002_add_contact_fields', '002_add_contact_fields.sql', 'Add is_visitor flag to individuals table', '2025-07-26 02:25:32', 0, 'success', NULL),
(13, '003_enhance_visitors_table', '003_enhance_visitors_table.sql', 'Enhance visitors table with additional fields', '2025-07-26 02:25:32', 0, 'success', NULL),
(14, '001_fix_audit_log', '001_fix_audit_log.sql', 'Fix audit_log table structure - add entity_type and entity_id columns', '2025-07-26 02:28:43', 0, 'success', NULL),
(15, '004_add_gathering_assignments_to_invitations', '004_add_gathering_assignments_to_invitations.sql', 'Migration 004_add_gathering_assignments_to_invitations', '2025-07-26 07:02:47', 1, 'success', NULL),
(16, '005_add_sms_opt_outs_table', '005_add_sms_opt_outs_table.sql', 'Migration 005_add_sms_opt_outs_table', '2025-07-26 07:02:47', 0, 'success', NULL),
(17, '004_fix_attendance_duplicates', '004_fix_attendance_duplicates.sql', 'Migration 004_fix_attendance_duplicates', '2025-07-28 09:26:34', 0, 'success', NULL),
(18, '005_add_attendance_updated_at', '005_add_attendance_updated_at.sql', 'Migration 005_add_attendance_updated_at', '2025-07-28 09:26:34', 0, 'success', NULL),
(19, '006', 'add_church_isolation', 'Add church isolation and API keys for IMPORTRANGE', '2025-08-02 05:44:48', 0, 'success', NULL),
(20, '007', 'add_data_access_setting', 'Add data access setting for church isolation', '2025-08-02 05:45:02', 0, 'success', NULL),
(21, '008', 'remove_api_keys_tables', 'Remove API keys tables as they are no longer needed', '2025-08-02 05:45:07', 0, 'success', NULL),
(22, '006_add_church_isolation', '006_add_church_isolation.sql', 'Migration 006_add_church_isolation', '2025-08-02 09:29:46', 5, 'success', NULL),
(23, '007_add_data_access_setting', '007_add_data_access_setting.sql', 'Migration 007_add_data_access_setting', '2025-08-02 09:29:46', 0, 'success', NULL),
(24, '008_remove_api_keys_tables', '008_remove_api_keys_tables.sql', 'Migration 008_remove_api_keys_tables', '2025-08-02 09:29:46', 0, 'success', NULL),
(26, '009_add_visitor_family_support', '009_add_visitor_family_support.sql', 'Add visitor family support to families table', '2025-08-08 05:47:36', 1, 'success', NULL),
(27, '010_add_audit_log_church_isolation', '010_add_audit_log_church_isolation.sql', 'Migration 010_add_audit_log_church_isolation', '2025-08-08 05:47:38', 1, 'success', NULL),
(28, '011_remove_duration_minutes', '011_remove_duration_minutes.sql', 'Migration 011_remove_duration_minutes', '2025-08-08 05:47:39', 1, 'success', NULL),
(29, '012_add_family_type_column', '012_add_family_type_column.sql', 'Migration 012_add_family_type_column', '2025-08-08 05:47:40', 0, 'success', NULL),
(33, '013_refactor_people_type', '013_refactor_people_type.sql', 'Complete visitor system refactor - migrate visitors to individuals table', '2025-08-08 05:54:08', NULL, 'success', NULL),
(34, '014_complete_families_migration', '014_complete_families_migration.sql', 'Complete families table migration - add familyType and lastAttended columns', '2025-08-08 05:54:25', NULL, 'success', NULL),
(35, '013_migrate_visitors_and_add_last_attendance', '013_migrate_visitors_and_add_last_attendance.sql', 'Migration 013_migrate_visitors_and_add_last_attendance', '2025-08-08 05:57:06', NULL, 'success', NULL),
(36, '014_migrate_visitors_safe', '014_migrate_visitors_safe.sql', 'Migration 014_migrate_visitors_safe', '2025-08-08 05:57:10', NULL, 'success', NULL),
(37, '015_consolidated_0_8_9_to_0_9_0', '015_consolidated_0_8_9_to_0_9_0.sql', 'Migration 015_consolidated_0_8_9_to_0_9_0', '2025-08-08 05:57:14', NULL, 'success', NULL);

-- --------------------------------------------------------

--
-- Table structure for table `notifications`
--

CREATE TABLE `notifications` (
  `id` int(11) NOT NULL,
  `user_id` int(11) NOT NULL,
  `rule_id` int(11) DEFAULT NULL,
  `title` varchar(255) NOT NULL,
  `message` text NOT NULL,
  `notification_type` enum('attendance_pattern','visitor_pattern','system') NOT NULL,
  `is_read` tinyint(1) DEFAULT 0,
  `email_sent` tinyint(1) DEFAULT 0,
  `reference_type` enum('individual','visitor','family') DEFAULT NULL,
  `reference_id` int(11) DEFAULT NULL,
  `created_at` timestamp NOT NULL DEFAULT current_timestamp(),
  `church_id` varchar(36) NOT NULL
) ENGINE=InnoDB DEFAULT CHARSET=utf8mb4 COLLATE=utf8mb4_general_ci;

-- --------------------------------------------------------

--
-- Table structure for table `notification_rules`
--

CREATE TABLE `notification_rules` (
  `id` int(11) NOT NULL,
  `created_by` int(11) NOT NULL,
  `gathering_type_id` int(11) DEFAULT NULL,
  `rule_name` varchar(255) NOT NULL,
  `target_group` enum('regular_attendees','potential_regular_visitors') NOT NULL,
  `trigger_event` enum('attends','misses') NOT NULL,
  `threshold_count` int(11) NOT NULL,
  `timeframe_periods` int(11) NOT NULL DEFAULT 1,
  `is_active` tinyint(1) DEFAULT 1,
  `is_default` tinyint(1) DEFAULT 0,
  `created_at` timestamp NOT NULL DEFAULT current_timestamp(),
  `updated_at` timestamp NOT NULL DEFAULT current_timestamp() ON UPDATE current_timestamp(),
  `church_id` varchar(36) NOT NULL
) ENGINE=InnoDB DEFAULT CHARSET=utf8mb4 COLLATE=utf8mb4_general_ci;

-- --------------------------------------------------------

--
-- Table structure for table `onboarding_progress`
--

CREATE TABLE `onboarding_progress` (
  `id` int(11) NOT NULL,
  `user_id` int(11) NOT NULL,
  `current_step` varchar(100) DEFAULT 'church_info',
  `completed_steps` longtext CHARACTER SET utf8mb4 COLLATE utf8mb4_bin DEFAULT NULL CHECK (json_valid(`completed_steps`)),
  `church_info` longtext CHARACTER SET utf8mb4 COLLATE utf8mb4_bin DEFAULT NULL CHECK (json_valid(`church_info`)),
  `gatherings` longtext CHARACTER SET utf8mb4 COLLATE utf8mb4_bin DEFAULT NULL CHECK (json_valid(`gatherings`)),
  `csv_upload` longtext CHARACTER SET utf8mb4 COLLATE utf8mb4_bin DEFAULT NULL CHECK (json_valid(`csv_upload`)),
  `created_at` timestamp NOT NULL DEFAULT current_timestamp(),
  `updated_at` timestamp NOT NULL DEFAULT current_timestamp() ON UPDATE current_timestamp(),
  `church_id` varchar(36) NOT NULL
) ENGINE=InnoDB DEFAULT CHARSET=utf8mb4 COLLATE=utf8mb4_general_ci;

--
-- Dumping data for table `onboarding_progress`
--

INSERT INTO `onboarding_progress` (`id`, `user_id`, `current_step`, `completed_steps`, `church_info`, `gatherings`, `csv_upload`, `created_at`, `updated_at`, `church_id`) VALUES
(1, 2, '4', '[1,2,3,4]', '{\"churchName\":\"Redeemer Christian Church\",\"countryCode\":\"AU\",\"timezone\":\"Australia/Sydney\",\"emailFromName\":\"Let My People Grow\",\"emailFromAddress\":\"noreply@letmypeoplegrow.org\"}', '[{\"id\":1,\"name\":\"Sunday Service\",\"description\":\"\",\"day_of_week\":\"Sunday\",\"start_time\":\"10:00:00\",\"duration_minutes\":90,\"frequency\":\"weekly\"}]', '{\"message\":\"Successfully imported 95 individuals\",\"imported\":95,\"families\":24,\"gatheringId\":1}', '2025-07-26 00:08:02', '2025-08-13 03:14:20', 'red_9f3a7c2e5b10');

-- --------------------------------------------------------

--
-- Table structure for table `otc_codes`
--

CREATE TABLE `otc_codes` (
  `id` int(11) NOT NULL,
  `contact_identifier` varchar(255) NOT NULL,
  `contact_type` enum('email','sms') NOT NULL,
  `code` varchar(10) NOT NULL,
  `expires_at` timestamp NOT NULL DEFAULT current_timestamp() ON UPDATE current_timestamp(),
  `used` tinyint(1) DEFAULT 0,
  `created_at` timestamp NOT NULL DEFAULT current_timestamp(),
  `church_id` varchar(36) NOT NULL
) ENGINE=InnoDB DEFAULT CHARSET=utf8mb4 COLLATE=utf8mb4_general_ci;

-- --------------------------------------------------------

--
-- Table structure for table `users`
--

CREATE TABLE `users` (
  `id` int(11) NOT NULL,
  `church_id` varchar(36) NOT NULL,
  `email` varchar(255) DEFAULT NULL,
  `mobile_number` varchar(20) DEFAULT NULL,
  `primary_contact_method` enum('email','sms') DEFAULT 'email',
  `role` enum('admin','coordinator','attendance_taker') NOT NULL DEFAULT 'attendance_taker',
  `first_name` varchar(100) DEFAULT NULL,
  `last_name` varchar(100) DEFAULT NULL,
  `is_active` tinyint(1) DEFAULT 1,
  `is_invited` tinyint(1) DEFAULT 0,
  `first_login_completed` tinyint(1) DEFAULT 0,
  `default_gathering_id` int(11) DEFAULT NULL,
  `email_notifications` tinyint(1) DEFAULT 1,
  `sms_notifications` tinyint(1) DEFAULT 1,
  `notification_frequency` enum('instant','daily','weekly') DEFAULT 'instant',
  `created_at` timestamp NOT NULL DEFAULT current_timestamp(),
  `updated_at` timestamp NOT NULL DEFAULT current_timestamp() ON UPDATE current_timestamp(),
  `last_login_at` datetime DEFAULT NULL
) ;

--
-- Dumping data for table `users`
--

INSERT INTO `users` (`id`, `church_id`, `email`, `mobile_number`, `primary_contact_method`, `role`, `first_name`, `last_name`, `is_active`, `is_invited`, `first_login_completed`, `default_gathering_id`, `email_notifications`, `sms_notifications`, `notification_frequency`, `created_at`, `updated_at`, `last_login_at`) VALUES
(2, 'red_9f3a7c2e5b10', 'isaac@redeemercc.org.au', '+61427906691', 'email', 'admin', 'Isaac', 'Lee', 1, 0, 1, 1, 1, 1, 'instant', '2025-07-26 00:07:15', '2025-08-18 07:34:01', '2025-08-18 07:34:01'),
(5, 'red_9f3a7c2e5b10', 'isaac@leemail.com.au', NULL, 'email', 'attendance_taker', 'r', 'te', 0, 1, 1, NULL, 1, 1, 'instant', '2025-07-26 07:07:21', '2025-08-13 03:50:14', NULL),
(6, 'red_9f3a7c2e5b10', 'josh@withers.co', NULL, 'email', 'attendance_taker', 'Josh', 'Withers', 0, 1, 1, NULL, 1, 1, 'instant', '2025-07-26 09:11:00', '2025-08-13 04:10:46', NULL),
(7, 'red_9f3a7c2e5b10', 'markrichardboonstra@gmail.com', '+61475214208', 'email', 'coordinator', 'Mark', 'Boonstra', 1, 1, 1, NULL, 1, 1, 'instant', '2025-07-26 11:13:42', '2025-08-13 03:50:01', NULL),
(8, 'the_a7163610d65f', 'tedlasso@withers.co', '+61411849404', 'email', 'admin', 'Ted', 'Lasso', 1, 0, 1, NULL, 1, 1, 'instant', '2025-08-13 04:11:50', '2025-08-13 04:30:40', '2025-08-13 04:30:40'),
(9, 'ear_ee45ea75719f', 'sirchris03@gmail.com', NULL, 'email', 'admin', 'Christopher Alan', 'Lee', 1, 0, 1, NULL, 1, 1, 'instant', '2025-08-17 05:55:36', '2025-08-17 05:55:52', '2025-08-17 05:55:52'),
(11, 'red_9f3a7c2e5b10', 'web@leemail.com.au', NULL, 'email', 'attendance_taker', 'Jack', 'Black', 1, 1, 1, 1, 1, 1, 'instant', '2025-08-22 06:01:02', '2025-08-22 06:01:31', '2025-08-22 06:01:31');

-- --------------------------------------------------------

--
-- Table structure for table `user_gathering_assignments`
--

CREATE TABLE `user_gathering_assignments` (
  `id` int(11) NOT NULL,
  `user_id` int(11) NOT NULL,
  `gathering_type_id` int(11) NOT NULL,
  `assigned_by` int(11) DEFAULT NULL,
  `assigned_at` timestamp NOT NULL DEFAULT current_timestamp(),
  `church_id` varchar(36) NOT NULL
) ENGINE=InnoDB DEFAULT CHARSET=utf8mb4 COLLATE=utf8mb4_general_ci;

--
-- Dumping data for table `user_gathering_assignments`
--

INSERT INTO `user_gathering_assignments` (`id`, `user_id`, `gathering_type_id`, `assigned_by`, `assigned_at`, `church_id`) VALUES
(3, 5, 1, 2, '2025-07-26 09:09:05', 'red_9f3a7c2e5b10'),
(4, 6, 1, 2, '2025-07-26 09:11:08', 'red_9f3a7c2e5b10'),
(5, 7, 1, 2, '2025-07-26 11:13:52', 'red_9f3a7c2e5b10'),
(11, 2, 3, 2, '2025-08-05 21:43:45', 'red_9f3a7c2e5b10'),
(12, 2, 1, 2, '2025-08-05 21:43:45', 'red_9f3a7c2e5b10'),
(13, 2, 2, 2, '2025-08-05 21:43:45', 'red_9f3a7c2e5b10'),
(14, 8, 5, 8, '2025-08-13 04:16:26', 'the_a7163610d65f'),
(16, 11, 1, 2, '2025-08-22 06:01:02', 'red_9f3a7c2e5b10');

-- --------------------------------------------------------

--
-- Table structure for table `user_invitations`
--

CREATE TABLE `user_invitations` (
  `id` int(11) NOT NULL,
  `email` varchar(255) DEFAULT NULL,
  `mobile_number` varchar(20) DEFAULT NULL,
  `primary_contact_method` enum('email','sms') DEFAULT 'email',
  `role` enum('admin','coordinator','attendance_taker') NOT NULL,
  `first_name` varchar(100) DEFAULT NULL,
  `last_name` varchar(100) DEFAULT NULL,
  `invited_by` int(11) NOT NULL,
  `invitation_token` varchar(255) NOT NULL,
  `gathering_assignments` longtext CHARACTER SET utf8mb4 COLLATE utf8mb4_bin DEFAULT NULL CHECK (json_valid(`gathering_assignments`)),
  `expires_at` timestamp NOT NULL DEFAULT current_timestamp() ON UPDATE current_timestamp(),
  `accepted` tinyint(1) DEFAULT 0,
  `created_at` timestamp NOT NULL DEFAULT current_timestamp(),
  `church_id` varchar(36) NOT NULL
) ;

--
-- Dumping data for table `user_invitations`
--

INSERT INTO `user_invitations` (`id`, `email`, `mobile_number`, `primary_contact_method`, `role`, `first_name`, `last_name`, `invited_by`, `invitation_token`, `gathering_assignments`, `expires_at`, `accepted`, `created_at`, `church_id`) VALUES
(5, NULL, '+61427906691', 'sms', 'attendance_taker', 'test', 'user', 2, '4352b5c2-1135-4cf4-af78-b4bd4d1dac2f', '[1]', '2025-08-13 03:14:20', 0, '2025-07-26 05:38:19', 'red_9f3a7c2e5b10'),
(7, 'isaac@leemail.com.au', NULL, 'email', 'attendance_taker', 'Isaac', 'isaac', 2, '48226d11-86bf-4182-bc1a-8641ec91edbb', '[1]', '2025-08-13 03:14:20', 0, '2025-07-26 06:03:56', 'red_9f3a7c2e5b10'),
(8, 'isaac@leemail.com.au', NULL, 'email', 'attendance_taker', 'test', 'test', 2, '4c5f1035-0cc3-4044-a918-3eccda7f287a', '[1]', '2025-08-13 03:14:20', 1, '2025-07-26 06:07:38', 'red_9f3a7c2e5b10'),
(9, 'isaac@leemail.com.au', NULL, 'email', 'attendance_taker', 'r', 'te', 2, '32b943b2-d475-4398-b8cc-6b84c40cab4d', '[1]', '2025-08-13 03:14:20', 0, '2025-07-26 07:07:21', 'red_9f3a7c2e5b10'),
(10, 'josh@withers.co', NULL, 'email', 'attendance_taker', 'Josh', 'Withers', 2, '121a8e1f-73f8-4de1-bda2-c97152ff74ae', '[1]', '2025-08-13 03:14:20', 0, '2025-07-26 09:11:00', 'red_9f3a7c2e5b10'),
(11, 'markrichardboonstra@gmail.com', NULL, 'email', 'attendance_taker', 'Mark', 'Boonstra', 2, '6da52c6c-5845-4f8c-bf41-3871e0f5a8dc', '[1]', '2025-08-13 03:14:20', 0, '2025-07-26 11:13:42', 'red_9f3a7c2e5b10'),
(13, 'web@leemail.com.au', NULL, 'email', 'attendance_taker', 'Jack', 'Black', 2, 'd8ae448d-6ba9-4be1-96cc-0d5f41d8eb3a', '[1]', '2025-08-22 06:01:02', 0, '2025-08-22 06:01:01', 'red_9f3a7c2e5b10');

-- --------------------------------------------------------

--
-- Table structure for table `visitor_config`
--

CREATE TABLE `visitor_config` (
  `id` int(11) NOT NULL,
  `church_id` varchar(36) NOT NULL,
  `local_visitor_service_limit` int(11) NOT NULL DEFAULT 6,
  `traveller_visitor_service_limit` int(11) NOT NULL DEFAULT 2,
  `created_at` timestamp NOT NULL DEFAULT current_timestamp(),
  `updated_at` timestamp NOT NULL DEFAULT current_timestamp() ON UPDATE current_timestamp()
) ENGINE=InnoDB DEFAULT CHARSET=utf8mb4 COLLATE=utf8mb4_general_ci;

--
-- Dumping data for table `visitor_config`
--

INSERT INTO `visitor_config` (`id`, `church_id`, `local_visitor_service_limit`, `traveller_visitor_service_limit`, `created_at`, `updated_at`) VALUES
(1, 'red_9f3a7c2e5b10', 6, 2, '2025-08-18 04:07:22', '2025-08-18 04:07:22'),
(2, 'the_a7163610d65f', 6, 2, '2025-08-18 04:07:22', '2025-08-18 04:07:22'),
(3, 'ear_ee45ea75719f', 6, 2, '2025-08-18 04:07:22', '2025-08-18 04:07:22');

--
-- Indexes for dumped tables
--

--
-- Indexes for table `attendance_records`
--
ALTER TABLE `attendance_records`
  ADD PRIMARY KEY (`id`),
  ADD UNIQUE KEY `unique_session_individual` (`session_id`,`individual_id`),
  ADD KEY `idx_session` (`session_id`),
  ADD KEY `idx_individual` (`individual_id`),
  ADD KEY `idx_present` (`present`),
  ADD KEY `idx_attendance_records_church_id` (`church_id`);

--
-- Indexes for table `attendance_sessions`
--
ALTER TABLE `attendance_sessions`
  ADD PRIMARY KEY (`id`),
  ADD UNIQUE KEY `unique_session_with_church` (`gathering_type_id`,`session_date`,`church_id`),
  ADD KEY `recorded_by` (`created_by`),
  ADD KEY `idx_gathering_date` (`gathering_type_id`,`session_date`),
  ADD KEY `idx_date` (`session_date`),
  ADD KEY `idx_attendance_sessions_church_id` (`church_id`);

--
-- Indexes for table `audit_log`
--
ALTER TABLE `audit_log`
  ADD PRIMARY KEY (`id`),
  ADD KEY `idx_user` (`user_id`),
  ADD KEY `idx_action` (`action`),
  ADD KEY `idx_created` (`created_at`),
  ADD KEY `idx_entity` (`entity_type`,`entity_id`),
  ADD KEY `idx_audit_log_church_id` (`church_id`);

--
-- Indexes for table `church_settings`
--
ALTER TABLE `church_settings`
  ADD PRIMARY KEY (`id`);

--
-- Indexes for table `families`
--
ALTER TABLE `families`
  ADD PRIMARY KEY (`id`),
  ADD KEY `created_by` (`created_by`),
  ADD KEY `idx_family_name` (`family_name`),
  ADD KEY `idx_identifier` (`family_identifier`),
  ADD KEY `idx_families_family_type` (`family_type`),
  ADD KEY `idx_families_last_attended` (`last_attended`),
  ADD KEY `idx_families_church_id` (`church_id`);

--
-- Indexes for table `gathering_lists`
--
ALTER TABLE `gathering_lists`
  ADD PRIMARY KEY (`id`),
  ADD UNIQUE KEY `unique_gathering_individual` (`gathering_type_id`,`individual_id`),
  ADD KEY `added_by` (`added_by`),
  ADD KEY `idx_gathering_type` (`gathering_type_id`),
  ADD KEY `idx_individual` (`individual_id`),
  ADD KEY `idx_gathering_lists_church_id` (`church_id`);

--
-- Indexes for table `gathering_types`
--
ALTER TABLE `gathering_types`
  ADD PRIMARY KEY (`id`),
  ADD KEY `created_by` (`created_by`),
  ADD KEY `idx_name` (`name`),
  ADD KEY `idx_active` (`is_active`),
  ADD KEY `idx_gathering_types_church_id` (`church_id`);

--
-- Indexes for table `individuals`
--
ALTER TABLE `individuals`
  ADD PRIMARY KEY (`id`),
  ADD KEY `created_by` (`created_by`),
  ADD KEY `idx_name` (`last_name`,`first_name`),
  ADD KEY `idx_family` (`family_id`),
  ADD KEY `idx_active` (`is_active`),
  ADD KEY `idx_people_type` (`people_type`),
  ADD KEY `idx_individuals_last_attendance` (`last_attendance_date`),
  ADD KEY `idx_individuals_people_type_last_attendance` (`people_type`,`last_attendance_date`),
  ADD KEY `idx_individuals_church_id` (`church_id`);

--
-- Indexes for table `migrations`
--
ALTER TABLE `migrations`
  ADD PRIMARY KEY (`id`),
  ADD UNIQUE KEY `version` (`version`);

--
-- Indexes for table `notifications`
--
ALTER TABLE `notifications`
  ADD PRIMARY KEY (`id`),
  ADD KEY `rule_id` (`rule_id`),
  ADD KEY `idx_user` (`user_id`),
  ADD KEY `idx_type` (`notification_type`),
  ADD KEY `idx_read` (`is_read`),
  ADD KEY `idx_created` (`created_at`),
  ADD KEY `idx_notifications_church_id` (`church_id`);

--
-- Indexes for table `notification_rules`
--
ALTER TABLE `notification_rules`
  ADD PRIMARY KEY (`id`),
  ADD KEY `idx_creator` (`created_by`),
  ADD KEY `idx_gathering` (`gathering_type_id`),
  ADD KEY `idx_active` (`is_active`),
  ADD KEY `idx_notification_rules_church_id` (`church_id`);

--
-- Indexes for table `onboarding_progress`
--
ALTER TABLE `onboarding_progress`
  ADD PRIMARY KEY (`id`),
  ADD KEY `idx_user` (`user_id`),
  ADD KEY `idx_current_step` (`current_step`),
  ADD KEY `idx_onboarding_progress_church_id` (`church_id`);

--
-- Indexes for table `otc_codes`
--
ALTER TABLE `otc_codes`
  ADD PRIMARY KEY (`id`),
  ADD KEY `idx_contact_code` (`contact_identifier`,`code`),
  ADD KEY `idx_contact_type` (`contact_type`),
  ADD KEY `idx_expires` (`expires_at`),
  ADD KEY `idx_otc_codes_church_id` (`church_id`);

--
-- Indexes for table `users`
--
ALTER TABLE `users`
  ADD PRIMARY KEY (`id`),
  ADD UNIQUE KEY `unique_email` (`email`),
  ADD UNIQUE KEY `unique_mobile` (`mobile_number`),
  ADD KEY `idx_email` (`email`),
  ADD KEY `idx_mobile` (`mobile_number`),
  ADD KEY `idx_primary_contact` (`primary_contact_method`),
  ADD KEY `idx_role` (`role`),
  ADD KEY `idx_active` (`is_active`),
  ADD KEY `idx_default_gathering` (`default_gathering_id`);

--
-- Indexes for table `user_gathering_assignments`
--
ALTER TABLE `user_gathering_assignments`
  ADD PRIMARY KEY (`id`),
  ADD UNIQUE KEY `unique_user_gathering` (`user_id`,`gathering_type_id`),
  ADD KEY `assigned_by` (`assigned_by`),
  ADD KEY `idx_user` (`user_id`),
  ADD KEY `idx_gathering` (`gathering_type_id`),
  ADD KEY `idx_uga_church_id` (`church_id`);

--
-- Indexes for table `user_invitations`
--
ALTER TABLE `user_invitations`
  ADD PRIMARY KEY (`id`),
  ADD UNIQUE KEY `invitation_token` (`invitation_token`),
  ADD KEY `invited_by` (`invited_by`),
  ADD KEY `idx_email` (`email`),
  ADD KEY `idx_mobile` (`mobile_number`),
  ADD KEY `idx_token` (`invitation_token`),
  ADD KEY `idx_expires` (`expires_at`),
  ADD KEY `idx_accepted` (`accepted`),
  ADD KEY `idx_user_invitations_church_id` (`church_id`);

--
-- Indexes for table `visitor_config`
--
ALTER TABLE `visitor_config`
  ADD PRIMARY KEY (`id`),
  ADD UNIQUE KEY `unique_church_config` (`church_id`),
  ADD KEY `idx_church_id` (`church_id`);

--
-- AUTO_INCREMENT for dumped tables
--

--
-- AUTO_INCREMENT for table `attendance_records`
--
ALTER TABLE `attendance_records`
  MODIFY `id` int(11) NOT NULL AUTO_INCREMENT, AUTO_INCREMENT=10754;

--
-- AUTO_INCREMENT for table `attendance_sessions`
--
ALTER TABLE `attendance_sessions`
  MODIFY `id` int(11) NOT NULL AUTO_INCREMENT, AUTO_INCREMENT=491;

--
-- AUTO_INCREMENT for table `audit_log`
--
ALTER TABLE `audit_log`
  MODIFY `id` int(11) NOT NULL AUTO_INCREMENT, AUTO_INCREMENT=90;

--
-- AUTO_INCREMENT for table `church_settings`
--
ALTER TABLE `church_settings`
  MODIFY `id` int(11) NOT NULL AUTO_INCREMENT, AUTO_INCREMENT=2;

--
-- AUTO_INCREMENT for table `families`
--
ALTER TABLE `families`
  MODIFY `id` int(11) NOT NULL AUTO_INCREMENT, AUTO_INCREMENT=68;

--
-- AUTO_INCREMENT for table `gathering_lists`
--
ALTER TABLE `gathering_lists`
  MODIFY `id` int(11) NOT NULL AUTO_INCREMENT, AUTO_INCREMENT=165;

--
-- AUTO_INCREMENT for table `gathering_types`
--
ALTER TABLE `gathering_types`
  MODIFY `id` int(11) NOT NULL AUTO_INCREMENT, AUTO_INCREMENT=6;

--
-- AUTO_INCREMENT for table `individuals`
--
ALTER TABLE `individuals`
  MODIFY `id` int(11) NOT NULL AUTO_INCREMENT, AUTO_INCREMENT=159;

--
-- AUTO_INCREMENT for table `migrations`
--
ALTER TABLE `migrations`
  MODIFY `id` int(11) NOT NULL AUTO_INCREMENT, AUTO_INCREMENT=39;

--
-- AUTO_INCREMENT for table `notifications`
--
ALTER TABLE `notifications`
  MODIFY `id` int(11) NOT NULL AUTO_INCREMENT;

--
-- AUTO_INCREMENT for table `notification_rules`
--
ALTER TABLE `notification_rules`
  MODIFY `id` int(11) NOT NULL AUTO_INCREMENT;

--
-- AUTO_INCREMENT for table `onboarding_progress`
--
ALTER TABLE `onboarding_progress`
  MODIFY `id` int(11) NOT NULL AUTO_INCREMENT, AUTO_INCREMENT=2;

--
-- AUTO_INCREMENT for table `otc_codes`
--
ALTER TABLE `otc_codes`
  MODIFY `id` int(11) NOT NULL AUTO_INCREMENT, AUTO_INCREMENT=34;

--
-- AUTO_INCREMENT for table `users`
--
ALTER TABLE `users`
  MODIFY `id` int(11) NOT NULL AUTO_INCREMENT;

--
-- AUTO_INCREMENT for table `user_gathering_assignments`
--
ALTER TABLE `user_gathering_assignments`
  MODIFY `id` int(11) NOT NULL AUTO_INCREMENT, AUTO_INCREMENT=17;

--
-- AUTO_INCREMENT for table `user_invitations`
--
ALTER TABLE `user_invitations`
  MODIFY `id` int(11) NOT NULL AUTO_INCREMENT;

--
-- AUTO_INCREMENT for table `visitor_config`
--
ALTER TABLE `visitor_config`
  MODIFY `id` int(11) NOT NULL AUTO_INCREMENT, AUTO_INCREMENT=4;

--
-- Constraints for dumped tables
--

--
-- Constraints for table `attendance_records`
--
ALTER TABLE `attendance_records`
  ADD CONSTRAINT `attendance_records_ibfk_1` FOREIGN KEY (`session_id`) REFERENCES `attendance_sessions` (`id`) ON DELETE CASCADE,
  ADD CONSTRAINT `attendance_records_ibfk_2` FOREIGN KEY (`individual_id`) REFERENCES `individuals` (`id`) ON DELETE CASCADE;

--
-- Constraints for table `attendance_sessions`
--
ALTER TABLE `attendance_sessions`
  ADD CONSTRAINT `attendance_sessions_ibfk_1` FOREIGN KEY (`gathering_type_id`) REFERENCES `gathering_types` (`id`) ON DELETE CASCADE,
  ADD CONSTRAINT `attendance_sessions_ibfk_2` FOREIGN KEY (`created_by`) REFERENCES `users` (`id`);

--
-- Constraints for table `audit_log`
--
ALTER TABLE `audit_log`
  ADD CONSTRAINT `audit_log_ibfk_1` FOREIGN KEY (`user_id`) REFERENCES `users` (`id`) ON DELETE SET NULL;

--
-- Constraints for table `families`
--
ALTER TABLE `families`
  ADD CONSTRAINT `families_ibfk_1` FOREIGN KEY (`created_by`) REFERENCES `users` (`id`) ON DELETE SET NULL;

--
-- Constraints for table `gathering_lists`
--
ALTER TABLE `gathering_lists`
  ADD CONSTRAINT `gathering_lists_ibfk_1` FOREIGN KEY (`gathering_type_id`) REFERENCES `gathering_types` (`id`) ON DELETE CASCADE,
  ADD CONSTRAINT `gathering_lists_ibfk_2` FOREIGN KEY (`individual_id`) REFERENCES `individuals` (`id`) ON DELETE CASCADE,
  ADD CONSTRAINT `gathering_lists_ibfk_3` FOREIGN KEY (`added_by`) REFERENCES `users` (`id`) ON DELETE SET NULL;

--
-- Constraints for table `gathering_types`
--
ALTER TABLE `gathering_types`
  ADD CONSTRAINT `gathering_types_ibfk_1` FOREIGN KEY (`created_by`) REFERENCES `users` (`id`) ON DELETE SET NULL;

--
-- Constraints for table `individuals`
--
ALTER TABLE `individuals`
  ADD CONSTRAINT `individuals_ibfk_1` FOREIGN KEY (`family_id`) REFERENCES `families` (`id`) ON DELETE SET NULL,
  ADD CONSTRAINT `individuals_ibfk_2` FOREIGN KEY (`created_by`) REFERENCES `users` (`id`) ON DELETE SET NULL;

--
-- Constraints for table `notifications`
--
ALTER TABLE `notifications`
  ADD CONSTRAINT `notifications_ibfk_1` FOREIGN KEY (`user_id`) REFERENCES `users` (`id`) ON DELETE CASCADE,
  ADD CONSTRAINT `notifications_ibfk_2` FOREIGN KEY (`rule_id`) REFERENCES `notification_rules` (`id`) ON DELETE SET NULL;

--
-- Constraints for table `notification_rules`
--
ALTER TABLE `notification_rules`
  ADD CONSTRAINT `notification_rules_ibfk_1` FOREIGN KEY (`created_by`) REFERENCES `users` (`id`) ON DELETE CASCADE,
  ADD CONSTRAINT `notification_rules_ibfk_2` FOREIGN KEY (`gathering_type_id`) REFERENCES `gathering_types` (`id`) ON DELETE CASCADE;

--
-- Constraints for table `onboarding_progress`
--
ALTER TABLE `onboarding_progress`
  ADD CONSTRAINT `onboarding_progress_ibfk_1` FOREIGN KEY (`user_id`) REFERENCES `users` (`id`) ON DELETE CASCADE;

--
-- Constraints for table `user_gathering_assignments`
--
ALTER TABLE `user_gathering_assignments`
  ADD CONSTRAINT `user_gathering_assignments_ibfk_1` FOREIGN KEY (`user_id`) REFERENCES `users` (`id`) ON DELETE CASCADE,
  ADD CONSTRAINT `user_gathering_assignments_ibfk_2` FOREIGN KEY (`gathering_type_id`) REFERENCES `gathering_types` (`id`) ON DELETE CASCADE,
  ADD CONSTRAINT `user_gathering_assignments_ibfk_3` FOREIGN KEY (`assigned_by`) REFERENCES `users` (`id`) ON DELETE SET NULL;

--
-- Constraints for table `user_invitations`
--
ALTER TABLE `user_invitations`
  ADD CONSTRAINT `user_invitations_ibfk_1` FOREIGN KEY (`invited_by`) REFERENCES `users` (`id`) ON DELETE CASCADE;
COMMIT;

/*!40101 SET CHARACTER_SET_CLIENT=@OLD_CHARACTER_SET_CLIENT */;
/*!40101 SET CHARACTER_SET_RESULTS=@OLD_CHARACTER_SET_RESULTS */;
/*!40101 SET COLLATION_CONNECTION=@OLD_COLLATION_CONNECTION */;
